memes,fr3sp9l,t3_gmi81r,1589865211.0,"What's the difference between a pizza and a Jew 


A pizza doesn't scream in the oven üòÇ
Jk jk"
PewdiepieSubmissions,fr00c5x,t3_glveer,1589780088.0,They mad because they didn't get to see tiddies
Art,fr009lj,t3_glvefy,1589780031.0,It looks like it would be on aot
memes,fqu5fzu,t3_gkxxh4,1589652384.0,What's the dog one called
SuicideWatch,fqu5b5f,t3_gkxxln,1589652309.0,Why are you here
memes,fpzv674,t3_ggdua0,1589024146.0,Big up nfs underground
memes,fpzuxvf,t3_ggduqf,1589024040.0,You are disrespecting a man's grave and for that I down vote you
me_irl,fpqt1lh,t3_gf0wci,1588831392.0,Tht artist did an amazing job
funny,fpqnk5b,t3_gf01ju,1588827100.0,Happy cake day!
funny,fpqml9x,t1_fpqlydx,1588826399.0,They got him that monster of a car because he couldn't fit in a normal one
cats,fpprash,t3_geuy6a,1588807633.0,Cute fluffer
cats,fppiu9g,t3_getppn,1588803072.0,Yes
WatchPeopleDieInside,fpp3oqw,t1_fpp35qs,1588795408.0,Elaborate please
memes,fpome39,t3_geo6dk,1588786930.0,Good ol key and Peele
PewdiepieSubmissions,fpokfx1,t1_fpojsuh,1588785998.0,Yeah your right it's not big and glorious. ITS FUCKING GOD LIKE. BEOND GLORIOUS AND OUT OF THIS REALM. ONE SEXY MOTHERFUCKER. AND IT STANDS TALLER THAN ANY GANG. US CEALING GANG HAVE BEEN HATED FOR WAY TO LONG. OUR NEXT BATTEL WE *will* STAND VICTORIOUS
WatchPeopleDieInside,fpo8m9c,t1_fpo4bdd,1588780267.0,"I am the problem ?!!!

I just asked the other guy if he's retarded but I know you're fucking retarded fucking dumbass"
WatchPeopleDieInside,fpo72xd,t1_fpnx9ep,1588779514.0,"Are you retarded I meant, did his grandaddy own slaves
 And tf does his cracker ass mean when he said they are his people"
WatchPeopleDieInside,fpnuxuk,t1_fpnqe3u,1588773113.0,Is that a joke ?
PewdiepieSubmissions,fpnpotm,t3_gejcyb,1588769789.0,Exactly why I'm cealing gang
PewdiepieSubmissions,fpnp7n7,t3_gejdr1,1588769458.0,Well don't mind if I do üòèüòèüòè
Memes_Of_The_Dank,fpjjqvv,t3_gdkzm4,1588671113.0,Let's be honest you weren't over exaggerating when you said how many rules there was. I Mean not only that but they have a whole bible for just one rule. the person who wrote that shit doesn't have a fucking life
Memes_Of_The_Dank,fpjjjpi,t1_fphxb4f,1588670898.0,God fucking damnit this is true
PewdiepieSubmissions,fpj7g9e,t3_gdsai2,1588658853.0,This is stolen
memes,fpj7f9o,t3_gdsapn,1588658829.0,Wtf are those roaches doing on her head
FloorGang,fpj6rbk,t3_gdgejo,1588658248.0,In space there is no up or down which means either there's floor all around you or cealing
PewdiepieSubmissions,fphsz74,t3_gdkcrj,1588627245.0,Floor gang cringe
memes,fphrhpi,t3_gdjxvn,1588626469.0,Wow
memes,fphraoj,t3_gdjyq1,1588626366.0,Did you mean the 4th tiddy
PewdiepieSubmissions,fphr1kx,t3_gdjz30,1588626231.0,942x10^4
PewdiepieSubmissions,fphqi6o,t3_gdjzt4,1588625948.0,Eww revolting floor gang chteew. I spit on you
memes,fphqd17,t3_gdjzuc,1588625875.0,I appreciate the effort but this was not funny
memes,fphomjj,t3_gdjdw0,1588624971.0,I swear every time I watch a wild life channel alone. They don't frick or nun but when my parents come in my man whips out his BBC
memes,fphogiz,t1_fpho6iw,1588624886.0,And they started to film
memes,fphodof,t1_fpho6iw,1588624846.0,Lmfao
meme,fpho7kh,t1_fpho3ie,1588624759.0,Well shit. You found me out
meme,fpho01p,t1_fphnxid,1588624652.0,Agreed
meme,fphnw8r,t3_gdjh6v,1588624598.0,"I commend you for sorting through new. You are what society lacks, I wish we had more people like you."
PewdiepieSubmissions,fph2saz,t1_fph2lk1,1588613953.0,Who knows
memes,fph2nyk,t1_fph0xuy,1588613891.0,"No. 
 
In no way is Karen equivalent to the n word. The n word has a lot of history and suffering behind it compared to ""Karen"" which you use to insult retarded fat cows (white retarded women)"
PewdiepieSubmissions,fph25rg,t3_gdflke,1588613636.0,Now this just shows that ceiling gang is superior in numbers compared to a weak floorgang woman
PewdiepieSubmissions,fph1urz,t3_gdflrh,1588613484.0,"No it's not.üò°
 jotaro is super fugly (fucking ugly) I mean the story is fine but I can't stand the art style. Wtf fuck is up with the dude on period. ""If you talk shit about my hair I'll shove my for up your ass""  *in goofy voice* 
 
Not the best"
PewdiepieSubmissions,fph0h2k,t3_gdflux,1588612787.0,"More like ""I'm gifting every one subs to my account"""
PewdiepieSubmissions,fph08ds,t3_gdflxw,1588612663.0,Happy cake day!
PewdiepieSubmissions,fpfko4i,t1_fpfkgbs,1588574214.0,Yes. Yes indeed
cats,fpfkfzv,t3_gd6czz,1588574009.0,There is no understanding
memes,fpcyymu,t3_gcrfst,1588516183.0,Huh elaborate
memes,fpcys4v,t3_gcrg4b,1588516068.0,Ehm I need to know the title of the video. for educational purposes that is
memes,fpcyaay,t3_gcr5oc,1588515742.0,lll?
memes,fpcxf3n,t1_fpcts23,1588515151.0,Happy cake day!
memes,fpcxeuh,t1_fpct9xc,1588515146.0,Happy cake day!
memes,fpcsak0,t1_fpcs6z7,1588511288.0,My dumbass still didn't get it elaborate more
PewdiepieSubmissions,fpcs4f5,t3_gcq7x6,1588511148.0,Google legit thought I had eye cancer ‚ò†Ô∏è
memes,fpcryud,t3_gcq8g1,1588511022.0,Elaborate
memes,fpcrbi9,t3_gcpyb5,1588510488.0,How did you find forks in women
memes,fpcqvg5,t3_gcpzfc,1588510112.0,Nfs underground
meme,fpax5et,t1_fpawzr7,1588457549.0,Ah I to have no life
meme,fpawyk9,t1_fpawwvh,1588457436.0,Holy shit that was quick
meme,fpawv5n,t3_gcevpx,1588457379.0,What is that
memes,fpawjon,t3_gcewfz,1588457191.0,Now this is quality
me_irl,fpak0ha,t3_gcct40,1588449759.0,I don't get it
memes,fp9e3gy,t3_gc5ufd,1588423652.0,This needs to go on pewds sub
meme,fowxrtb,t3_ga1j2k,1588129455.0,I don't
memes,fopqie1,t3_g8v6xq,1587968910.0,The walk of shame
RoastMe,fonxfp5,t3_g84omo,1587928375.0,You wear that old cheap hat to cover up your pushed back hair line.
RoastMe,fonur4s,t1_fomjomd,1587926855.0,Using her to mop your Floor would only make it more dirty üòÇ
memes,foni8fb,t1_foma7k6,1587919993.0,Oh yeah... That's exactly what I meant not being ironic. I haven't been programing for a while now. But yes that's what I meant. And I even spelt that wrong. Yeah that's gonna lower my self-esteem. Thanks üòä
memes,fokrsw7,t3_g7t6b6,1587847716.0,Doing that makes you a toolkidie
cats,fojef10,t1_foipvlg,1587818485.0,Happy furrday üòÇ‚ò†Ô∏è
cats,fojcxih,t1_foixy3q,1587817117.0,Happy cake day!
cats,fojcx5p,t1_foin7rr,1587817108.0,Happy cake day!
memes,fojc2qz,t1_foil4op,1587816304.0,Happy cake day!
Memes_Of_The_Dank,fmo6ur2,t1_fmo6b7c,1586247562.0,indeed
Memes_Of_The_Dank,fmeul6o,t1_fmet0yu,1586013852.0,Lmao it even says ww2 veteran on his cap. I dunno if it's true doe
Memes_Of_The_Dank,fmet2jn,t1_fmerxky,1586012884.0,Aye man thats fucked up why you go and do me like that ;(
Memes_Of_The_Dank,fmestww,t1_fmerxky,1586012727.0,Hold up that ain't right ??????
Memes_Of_The_Dank,fmerh8x,t3_fuslqm,1586011853.0,What's the anime
SuicideWatch,flt8io1,t3_fqtx8q,1585462808.0,this innocent part that you speak of would be much happier if i just stoped living. if i just could end all the pain.
SuicideWatch,flkyyjk,t1_fljvd8l,1585250373.0,"""Black"" then üòÇüòÇüòÇüòÇ"
meme,fl124nl,t3_fltt6g,1584720510.0,He looks like that guy from fullsend right???
thanosdidnothingwrong,fkxnc4g,t3_fkys4v,1584631693.0,Ngl I think I have covid 19 but who cares I'm to Young to die from it anyway. but the hardest part about it is that I fucking can't breathe when I slept so I have to sleep. The only way is to sleep with the window open
memes,fhscyzy,t3_f4np55,1581858847.0, I thought this was gonna be a dildo joke but ok
WatchPeopleDieInside,fhsbmp5,t1_fhs8afs,1581858086.0,That's bull shit
funny,eyj0zxi,t3_cx1zro,1567110624.0,This was nice thx
