conspiracy,fr1aol5,t3_gm0mc2,1589816378.0,She has been edited. Look at the arm.
conspiracy,fr03awj,t3_gluh7w,1589782483.0,Iâ€™ve never seen this. Thank you so much for posting.
conspiracy,fp557rs,t3_g5xkc2,1588316696.0,Why is he narrating stock prices between Gilead and Sanofi?
politics,fp4z3x3,t1_fp3zya7,1588311314.0,Youâ€™ll stay indoors and not work until next January?
politics,fp3zan6,t3_gawlql,1588288632.0,"We are not NYC. 

O. C. has had very low rates of infection and <50 fatalities. Personally, Iâ€™ve only known four people who were sickened. One came down with the virus in late 2019 and the other three in early January 2020."
conspiracy,foilphk,t3_g7mpoc,1587789867.0,"OC sheriff patrolling our south OC Beaches. Up, down, north, south, all day long."
conspiracy,foilkpj,t3_g7mrl4,1587789764.0,"Trump may seem naive, speak off the cuff, but heâ€™s nobodyâ€™s fool. Remember that."
conspiracy,foi9kb7,t3_g7jmin,1587781592.0,Not a single one
conspiracy,foejqt4,t1_foe8gvp,1587705592.0,Ha! I sent it to my mom. We talk often about this stuff.  She and I share natural intuition. This doc helped confirm it. Iâ€™m officially down the rabbit hole now â¤ï¸ ðŸ‡
conspiracy,foe89lg,t1_fodqttr,1587698051.0,Watched it last night. My head is still spinning!!
CoronavirusOC,fnyj7rf,t1_fnt5ei5,1587364772.0,"https://www.ncbi.nlm.nih.gov/pmc/articles/PMC1232869/ 

This article was Posted in 2005. 15 years ago. By the NIH. (I think they do science-y stuff.) Explains how HCQ acts on Coronaviruses."
mentalhealth,fnjzoyt,t3_g26drl,1587010915.0,Yes
BeardedDragons,fngju6d,t3_g1k787,1586934534.0,Weâ€™re going to have another clutch any day now. DM me and I can send you photos from the previous brood. Dragons can be shipped next day to WA from CA.
bipolar,fnfpe0x,t3_g1hhzi,1586912690.0,I started at 50mg and could tell it was working. Eventually upped to 100mg and Iâ€™ve never felt better (or more stable) in my life ðŸ’‹â¤ï¸
mentalhealth,fnf8qfn,t3_g1e4iy,1586903479.0,"Please try to reach out to someone and just talk. Itâ€™s not you, itâ€™s your illness. ðŸ’‹â¤ï¸"
Rabbits,fmre1qx,t1_fmrddtq,1586320538.0,Put some of his poops in the litter pan. Exactly how I trained my 3 buns. He may still mark on the dog bedâ€”Especially is heâ€™s not neutered.
Coronavirus,fmka20s,t1_fmk94eb,1586148520.0,"Thank you for sharing! Unfortunately the damage has been done, but this should stay posted. Someone with those ethics shouldnâ€™t be practicing medicine."
Coronavirus,flzoubz,t1_flz75ac,1585629172.0,Bingo
CoronavirusOC,flyjkuh,t1_flygpe4,1585603358.0,Thx for the support of meds that may actually help the acutely infectedâ€”leaving this sub for more progressive thinkers ðŸ’‹â¤ï¸
Coronavirus,flszz1d,t3_fqx9gg,1585455250.0,Well done my city
Coronavirus,flfqdnt,t3_eu5xok,1585114091.0,Interesting they use the home page to defend themselvesâ€”no advice/learnings given
funny,fl8cdsn,t3_fn4ncv,1584920495.0,Canâ€™t wait to see what you come up with for Day 9!
CoronavirusOC,fl79y4o,t3_fmse47,1584897406.0,Pets plus is open too
bipolar2,fl5wuqw,t3_fmsp12,1584847805.0,Take a breathâ€”Weâ€™re all fighting this together. Hope you get some sleep tonight ðŸ’‹â¤ï¸
Coronavirus,fl5qq5u,t3_fmrtu4,1584843295.0,Both countries were able to take swift action because they MONITOR their citizens. We do not.
BostonTerrier,fl5qchd,t3_fmrxiy,1584843023.0,Yummy! Whatâ€™s in da cake?
Rollerskating,fkshq1x,t3_fka4ts,1584490351.0,Clever!
Rabbits,fkmlo2o,t3_fj2xeq,1584332248.0,What camera are you using? Crisp video
Rabbits,fkm2dhp,t3_fj449t,1584319643.0,Disapproving bun!
Rabbits,fkm297l,t3_fj7q11,1584319577.0,Loving the bun hops and your gorgeous abode ðŸ˜
Rollerskating,fkm24jd,t3_fj8apk,1584319504.0,Time to start practicing our â€˜short gameâ€™
Rollerskating,fkjcble,t3_fif1j4,1584241894.0,Genius
BostonTerrier,fkjc9xj,t3_fin9ud,1584241859.0,So special
Rabbits,fkjc41c,t3_finikq,1584241734.0,One lucky doe ðŸ’‹â¤ï¸
aww,fkjbsjl,t3_fihsij,1584241491.0,https://i.telegraph.co.uk/multimedia/archive/02693/cagney-and-lacey1_2693110k.jpg
BostonTerrier,fkd9hud,t1_fkd7cic,1584071880.0,With a tiny devil inside ðŸ™ƒ
TMJ,fkd8xyy,t3_fhppbi,1584071457.0,"Found this dynamic duo via another post here in TMJ. I did all these exercises, TWICE and my spasming cheek, throbbing head and knotted shoulder just softened and went away. Amazing, Easy & Drug Free!


https://youtu.be/au4Hr4nv8Sk"
Rabbits,fjpg63z,t3_feghtf,1583549938.0,Sweet bun. He loves you.
49ers,fg8bckt,t3_exaulu,1580614593.0,Works of art
49ers,fg89vob,t3_exhkxf,1580613445.0,Try Etsy or EBay. Found my 49er fanimation jacket really early this season! Had a feeling I would need it ðŸ’‹â¤ï¸
Rollerskating,ffpmu62,t3_eudq8r,1580099012.0,The all white build is killer.
49ers,fepqugo,t3_eq038s,1579328213.0,West coast vs. east coast...the talking heads always give a nod to the right. Itâ€™s infuriating!
Rollerskating,fepqohf,t3_eqb9l3,1579328061.0,Turn around and stop while going backwards. Itâ€™s very easy and youâ€™ll feel more in control. ðŸ˜Š
Rollerskating,fecxqwt,t3_eogfis,1578988911.0,Whaaaattttt?!?
49ers,fecxp00,t1_febjqcb,1578988844.0,Right? Iâ€™m already nostalgic over this past season ðŸ™ƒ
bipolar,fecxbn4,t3_eo9xly,1578988386.0,Nice work
49ers,fdzmye6,t3_engleo,1578791890.0,They are. You should read the posts from Vikings fan in this sub. Very kind. #keepingitclassy
49ers,fdzj0nf,t3_engcm4,1578790654.0,Right? I feel like weâ€™ve been the ultimate underdog this season (which is exactly the best place to be ðŸ˜œ)
49ers,fdzbztr,t3_enfu4z,1578788611.0,Youâ€™re amazing!
bipolar_irl,fdmik76,t3_em3u0m,1578551179.0,This resonates
BipolarReddit,fdd4m15,t3_ek6t3a,1578294571.0,Didnâ€™t know there was a bipolar III designation. Thank you for posting!
49ers,fcj961k,t3_ehh3ja,1577680383.0,Uh-mazing!!!!!
49ers,fcj92hy,t3_ehh3t6,1577680316.0,OMG!
49ers,fc1zr10,t1_fc1y841,1577334924.0,ðŸ‘ roger that
Rollerskating,fc1sy2n,t1_fc0bzgk,1577328720.0,"They have great pivot action. Makes you go a bit slower but great for dance moves, effortless turns and killer spins!"
Rollerskating,fbzbb1j,t3_efan6d,1577241001.0,Congrats! Youâ€™re going to love those plates ðŸ˜Š
BostonTerrier,fbx1li0,t3_ecmxxg,1577165845.0,The eyes!
Rabbits,fbx08se,t3_eeuqk3,1577164559.0,Mine went crazy for naners too!
BostonTerrier,fbt06ds,t3_eea3js,1577064819.0,good looking dogs!
49ers,fa87xok,t3_e7zr3o,1575842499.0,Love this pic!
Rollerskating,fa6j9s4,t1_fa56i3v,1575825204.0,"This is my first set (usually get Bones Ceramics) and so far, no complaints!"
Rollerskating,fa0d3w0,t1_fa022ao,1575753085.0,Thank you!!!!!
Rollerskating,f9yzm99,t1_f9x586t,1575736109.0,"Hi! I was fitted by Bruce at USA skates in Westminster. He explained all of the higher end boots are made to order. So technically, theyâ€™re not â€˜custom.â€™  It took about 8 weeks for them to make."
Rollerskating,f9wffbd,t3_cp1n7n,1575691784.0,When the AMTRACK train gives me a honk for skating on PCH!
Rollerskating,f9w876q,t3_e72ou1,1575688612.0,"If theyâ€™re synthetic, you can use moleskin patches on areas you think might chafe. And thick socks ðŸ˜Š"
Rollerskating,f9w7f8v,t3_e6ozir,1575688237.0,"Advice on speed leading into the turns, medium pace?"
mentalhealth,f9rnl46,t3_e6ljqf,1575578772.0,Bravo!! ðŸ‘
Rollerskating,f9e22sh,t3_e4a4h1,1575238924.0,Moxies over Impalas all day
49ers,f8nb9fe,t3_e17ge6,1574641379.0,Hell to the Yeah!!!
Rabbits,f7zdvta,t3_dy35k2,1574109256.0,Pure joy!
Rollerskating,f7u8ag1,t3_dxo8mb,1574012528.0,I started skating again at 43. Now at 46 itâ€™s my favorite thing to do!
BipolarReddit,f7b134p,t3_dv50h2,1573549850.0,One of my faves
Rollerskating,f6mqdsd,t3_drsy10,1572976898.0,Waiting on my new Reidells!!!
49ers,f6izlas,t3_dqtefn,1572886845.0,Thanks babe
Rollerskating,f69ij92,t3_dqn6ba,1572742334.0,These are drool worthy
49ers,f4im9u7,t3_dkpi6q,1571606573.0,Gorgeous! ðŸ˜
Rollerskating,f4c414b,t3_dk8qsu,1571523238.0,How are the jack boots?
Rollerskating,f3y0m6a,t3_diegqs,1571246805.0,Great set up!!!
Rollerskating,f3sxhhn,t3_dhx9t1,1571111708.0,"Gummy wheels are the best (and youâ€™ve got them!) 

Check out the path just a bit north. Much less sand.
Thereâ€™s also the freestyle area next to the skate bowls. Smoooooth as silk."
Rabbits,f3sx720,t3_dhwfor,1571111485.0,Clever bun ðŸ’‹â¤ï¸
49ers,f3swm4o,t1_f3sfbkd,1571111048.0,Thought the exact same thing on Sunday!
Rollerskating,f375ay3,t3_dfp6hg,1570721619.0,â€˜Prisâ€™ from bladerunner! Easy. Just add the crazy black eye makeup.
Rollerskating,f3054ij,t3_dex8uu,1570546621.0,"Start working on using one of your skates front wheels and the other skates back wheels. Itâ€™s tough. Takes hours and hours of training, but it will come ðŸ˜Š"
bipolar2,f0vuoad,t3_d6dutz,1568992227.0,Sagittarius here â™ï¸
bipolar2,ezvedah,t3_d2ccff,1568175117.0,ðŸ™Œ
Rollerskating,eytj05d,t1_eysijxv,1567437838.0,â€˜Sheepâ€™ is the blond rollerskater in your video!
Rollerskating,eypuo2m,t3_cxtvdd,1567311949.0,I saw Sheep in the background!
bipolar2,ey3vqv1,t3_csnpy0,1566774985.0,People donâ€™t understand theyâ€™re being mean. BTWâ€”my dad is a Gemini (and bipolar) ðŸ™ƒ
Rabbits,ey37zlr,t3_cv8hyc,1566757674.0,Pet me hoomin!
Rollerskating,exz79pe,t3_cuskrx,1566661937.0,"Buy Moxies, reidells, Edea, Or Berry boots. Lots more options besides impalas!"
advertising,exjxu9l,t1_exjuixu,1566364201.0,I worked on that account at Chiat Day. So much fun!
bipolar2,exjxk5i,t3_ct9806,1566363901.0,Itâ€™s the little victories!
SubredditDrama,exd2kzr,t3_cr5jaa,1566165649.0,"Iâ€™ve had buns. Took excellent care of them and all three lived long, hoppy lives. Her images donâ€™t strike me as â€˜cruelty to animalsâ€™ Yes, sheâ€™s proud of her buns (and of course wants a little adulation on social media) ðŸ’‹â¤ï¸ðŸ°"
HotPeppers,exadopa,t3_crr3le,1566105302.0,Tried a sliver of a CR tonight. Is it weird that I liked it? ðŸŒ¶ðŸ”¥â¤ï¸
BipolarReddit,ex7oees,t3_crkdjc,1566062822.0,"Same diagnosis here. GAD & Bipolar. 

Rollerskating has been my salvation for the last three years. Itâ€™s something I can do alone (with headphones!) but also with others, when Iâ€™m feeling better. I do my skating near my house on a trail that is next to the ocean. Itâ€™s also next to PCH. When people I know, or donâ€™t know, drive by, they honk and wave. Itâ€™s been good therapy and i can skate pretty well now ðŸ’‹â¤ï¸"
careeradvice,ex734ot,t3_cqbjfd,1566055325.0,https://www.indeedjobs.com/jobs/f0e1e86dc0fa0a2526c4?from=snippet
CougarsandCubsSoCal,ex2a6u9,t3_cqm8wx,1565965663.0,Happy Friday cubs!
advertising,ewviv8b,t3_cqcg6f,1565807155.0,"Yes. Plus, studio skills, image retouching, light copy, video, social media, UX, HTML and illustration."
BipolarReddit,ewtvgp2,t3_cq1rr5,1565754956.0,"Currently taking Effexor and Lamictal. Effexor really curbs your appetite. I dropped 15lbs fast. The lamictal didnâ€™t seem to affect appetite either way. Been under lots of stress as of late, so Iâ€™ve lost more ðŸ™ƒ"
BipolarReddit,ewtv4xh,t3_cq48io,1565754680.0,"Iâ€™ve been on Effexor for years. Best part about it for me is that is quells anxiety. Which, in my opinion, is worse than BP.  It doesnâ€™t aid in my depression or mania though. I take Lamictal for that part."
