Roborock,fr3tx30,t1_fr3izum,1589866166.0,No. Well maybe if you count my doormat.
FIU,fqv7wp9,t1_fqv59ah,1589671674.0,will call on monday! I just need a new contact prescription lol
Miami,fqipgz4,t3_gj2891,1589399117.0,"Omg are you the neighbor to the left of me? My dad has so many papaya, jackfruit and dragon fruit trees lol"
AsianBeauty,fpxa9j9,t1_fpveug5,1588978699.0,What skin type are you? And is it the one called skin conditioner?
Miami,fpsn1oh,t3_gf6ulp,1588876242.0,I walk out of my apartment in key biscayne and everyone is outside not wear masks. People are walking and not keeping 6 ft away from each other. My father in law is immunosuppressed and we're taking every precaution on the other hand... Smh
iamatotalpieceofshit,fpph36e,t3_genm7b,1588802149.0,My biggest fear for my parents right now. We're one of the few asians in this city and ignorant people are everywhere.
AnimalCrossing,fpewt0x,t3_g6taps,1588556653.0,I forgot to buy turnips today can I time travel to the morning and buy some nips. And then go back to my current time without rotting?
AnimalCrossing,fokq3ex,t3_g4s39d,1587846794.0,"Just got some amiibo cards... And then found out I had to invite each villager 3 times on separate days to ask them to be a neighbor. I've never time traveled before, if I time traveled to the morning of the next few days to complete the process and then TT back to current date/time. Would I lose her/june?"
unpopularopinion,fo3ljgs,t3_g536nx,1587488927.0,"Just buy MOISSANITE!!! Literally almost the same hardness as diamonds. The index of refraction is different but that causes it to have a more rainbow effect. They were also discovered on a meteorite or some shit so that's cool as heck.
I believe 1 ct is about $500 compared to 1 ct of an average diamond which is $5000. 

I lose shit all the time so I told my boyfriend already I do not want a diamond. Not every girl wants a diamond and if she expects one, she's materialistic and cares more about social BS. I'd rather spend that money on a new car or a lit ass honeymoon."
acturnips,fnwucts,t3_g4dr9v,1587325615.0,Legacies
acturnips,fnw58uo,t3_g49x9y,1587311696.0,hi! Please let me know if you are still selling. Thanks :)
ACTurnip,fnw54zy,t3_g49od8,1587311636.0,"I only have hardwood, iron nuggets and stones please let me know if you can let me in thank you"
nintendo,fnti334,t3_g3ptch,1587242093.0,My puppy has made quarantine bearable. I love her.
AnimalCrossing,fnsyrnf,t1_fnsy8zt,1587231355.0,So am I supposed to wait for a patch? Not build any more plots for more villagers? Will using an amiibo fix this?
AnimalCrossing,fnsy0x4,t3_fvzvei,1587230955.0,"Anyone else having the glitch where it says the villager moved out even though they were supposed to move in today? This is my 6th villager, Julia. I got an announcement that she's moving in but I can't find her anywhere."
depression,fnr2zt0,t3_g3g4qm,1587178059.0,Dm me
ACTrade,fnjet1s,t3_g1zks8,1586997517.0,Thank you !
ACTrade,fnbsl2s,t3_g0odgp,1586821492.0,The rockin kk
AnimalCrossing,fnbhpxd,t1_fn8ns3g,1586815730.0,Can i?
AnimalCrossing,fnbhmg6,t3_g0kdyq,1586815682.0,Can I come by??
AnimalCrossing,fnbhkq2,t3_g0kjki,1586815659.0,Can I come for the crown?
AnimalCrossing,fnbhjsj,t3_g0kjki,1586815647.0,Can I come for the crown?
AnimalCrossing,fnbhgu3,t3_g0orej,1586815606.0,Me! Please omg
AnimalCrossing,fnbheq6,t3_g09bix,1586815577.0,Can I come to your island and buy one?
dataisbeautiful,fn9cslr,t3_fzxhsc,1586767941.0,I mean they should do one of either gender for each country. I'm a girl so I use 3x as much toilet paper because I have to wipe for #1 and #2.
acturnips,fn988te,t3_g0e69w,1586762930.0,"JazzyJacky, Aurora, hamlet, zebrafish"
acturnips,fn97j4s,t3_g0dxu5,1586762182.0,I can give you some money. I made 5 million bells today
acturnips,fn957mn,t3_g0cnny,1586759831.0,Hamlet
acturnips,fn956ro,t3_g0cs68,1586759807.0,"Hardest to Love, JazzyJacky"
acturnips,fn955kk,t3_g0czb4,1586759774.0,cookies and cream JazzyJacky
acturnips,fn8v0br,t3_g0b4xu,1586750961.0,"FULL METAL ALCHEMIST 
JazzyJacky"
acturnips,fn8r47p,t3_g0au8z,1586748083.0,I have bonsai or sakura wall if you want
acturnips,fn8oros,t3_g07zk2,1586746504.0,i hate all bugs but butterflies are pretty lol
acturnips,fn8opsa,t3_g08t4o,1586746470.0,use [turnip.exchange](https://turnip.exchange)!!! it'll be so much easier lol
acturnips,fn8omy5,t3_g09g6d,1586746419.0,6074-6598-6612 JazzyJacky Aurora Hazel has unibrow lol but she's nice. i guess thats my least favorite
acturnips,fn8oipw,t3_g09gy8,1586746345.0,Q
acturnips,fn8ohuh,t3_g09ir3,1586746330.0,"check on [turnip.exchange](https://turnip.exchange) click islands. i found a bunch of people. just command/control + f and type in ""90."" It'll find anything on the page that says that"
acturnips,fn8odsp,t3_g09usn,1586746259.0,Tame Impala JazzyJacky
acturnips,fn816e4,t3_g06b34,1586731753.0,i dont play legos but i googled and i liked the indominus escape
acturnips,fn811ww,t3_g06jxe,1586731681.0,13
ACNHTurnips,fn6yr0u,t3_fzzxtg,1586709966.0,Hi me please! I have rose plants not seeds
acturnips,fn6woy2,t3_fzzfxl,1586708826.0,"JazzyJackie, Aurora, Hamlet"
acturnips,fn6wjdj,t3_fzzmpw,1586708738.0,You should do [turnip.exchange](https://turnip.exchange) so you dont have to dm each person. itll have a queue and you wont get overwhelmed like me for the first time. LOL
acturnips,fn6w3es,t3_fzy1hk,1586708490.0,i dont really have a favorite joke but i love the office bears. beats. battlestar galactica!
acturnips,fn6ule4,t3_fzyx21,1586707655.0,This is my second time but still wanna sell my nips lol
acturnips,fn6ue1v,t3_fzz2mp,1586707542.0,use [turnip.exchange](https://turnip.exchange) so its not overwhelming!! also please let me in! thx lol
acturnips,fn6rja6,t1_fn6gy79,1586705916.0,Click the link!
ACNHTurnips,fn6khft,t3_fzwx2h,1586701535.0,hi are you still hosting??
acturnips,fn6kdlq,t3_fzxh88,1586701465.0,Hi! Let me know if you can add my as a friend!
Coronavirus,fn572wt,t3_fz43tf,1586657502.0,"Lol why is this even news. It's common sense. South Korean did hundreds of thousands of tests in days!! People in my city are dying because they're not ""eligible"" for testing. It's always about the money/economy, never about the people. If everyone is dying how will that help with the economy smh"
ac_newhorizons,fn3nxbj,t1_fn3n0ux,1586624495.0,Sorry I don't understand the part about quitting the game before the next day happens.
ac_newhorizons,fn3khvj,t1_fn3jt5z,1586622566.0,Wdym?
ac_newhorizons,fn3k7ep,t3_fz4u1v,1586622398.0,"Is there anyway to stop time in animal crossing? What I'm trying to ask is whether or not it's possible to not play for a few days, will it resume where I last left off? My boyfriend and I are playing but I got my switch 3 days after him. I just wanna be in sync with him but I can't seem to catch up.. 
I'm still waiting for my 3rd villager to settle in while he has already upgraded his town hall for a day already. I'm 3 days behind. He turned off ""synchronize clock via internet."" 
Would this be considered time traveling backwards for him? 
It's not fun for me anymore because I can't visit his island without spoiling what's going to happen to me after. It's been really annoying :("
relationship_advice,fmzmeip,t1_fmz5yxt,1586524558.0,Thank you for this story. It was satisfying. Sorry you threw up though. But it was probably worse for your ex >:)
AskReddit,fmzkmfj,t3_fy2j5o,1586523198.0,Neopets
worldnews,fmysnjf,t1_fmw0p3v,1586494566.0,Does the obesity cause problems breathing already so coovid really messes them up with that?
FIU,fmvb9xo,t1_fm3cmcr,1586411286.0,This guy got caught cheating for a professor in an EXAM. They had a meeting with the dean and all the higher up people. The parents said he was a good kid blah blah and nothing happened. You're fine. The teacher is mad though but it all is up to the higher ups. If they are strict too then you're screwed.
NintendoSwitch,fmuhf3t,t1_fmu56lv,1586391467.0,Lol I'll order it on my credit card for you >.<
Miami,fmu425r,t1_fmu35g5,1586384185.0,I googled the yellow light time in florida and it said 3-6 seconds... Idk who's right
NintendoSwitch,fmu3xj4,t1_fmts13f,1586384116.0,Bestbuy has it online. Call gamestop but order from bestbuy on the website ASAP lol
Miami,fmtgn12,t1_fmtfb5n,1586372383.0,Wait what?? Yellow lights are supposed to be 9-11 seconds?? I feel like they're maybe 3 seconds ... Yea I heard that these cameras provide a lot of money to the state and city
NintendoSwitch,fmt5lg3,t1_fmsbohe,1586367228.0,i found some at gamestop. You have to call and find which locations are still open. Also I saw some switch lites on bestbuy.
acturnips,fmjdbsk,t3_fvm6ct,1586128012.0,the kangaroo lady idk her name
acturnips,fmjd7fy,t3_fvmvk3,1586127939.0,hiii i know you have 600 comments but maybe? purple
acturnips,fmj323u,t3_fvlplx,1586122031.0,pink tame impala
acturnips,fmj2o11,t1_fmj2ly7,1586121807.0,have you tried [turnip.exchange](https://turnip.exchange) so you can have a queue and not get overwhelmed
acturnips,fmj2ly7,t3_fvlo99,1586121775.0,me please
acturnips,fmj2gtd,t3_fvln2l,1586121692.0,JazzyJacky OLAF
acturnips,fmj228c,t3_fvlgsf,1586121459.0,hi! pls invite
acturnips,fmiw5jb,t3_fvkb8a,1586118129.0,hamlet
acturnips,fmiw0h1,t3_fvkhlv,1586118049.0,Still Available or nah?? :))))))
acturnips,fmitqts,t3_fvk3l8,1586116740.0,Jazzy!
acturnips,fmisvil,t3_fvjqju,1586116233.0,JazzyJackie Pink
ACTurnip,fmiq4i7,t1_fminnnh,1586114634.0,Let me know when you have it up!
ACTurnip,fmipukv,t3_fvis9c,1586114476.0,me!
ACTurnip,fminm78,t1_fminke3,1586113178.0,I'd love an invite too thatd be sweeet
ACTurnip,fminke3,t3_fviq4n,1586113150.0,use turnip.exchange so there's a queue and you wont be over whelmed
acturnips,fmilcee,t3_fvinb4,1586111877.0,Clown fish
acturnips,fmilb84,t3_fvip78,1586111858.0,I like bananas but they're not in the game lol
acturnips,fmik1m0,t3_fvift8,1586111127.0,Apple
acturnips,fmik0ik,t3_fvigat,1586111110.0,I just started so my villager hazel with that unibrow lol
acturnips,fmi8xuq,t3_fvggia,1586104797.0,"<3 I'd love to join!

9d03e057c389401bf3a5025977cd17acc806d84f5434cbd25d174222696674f5"
acturnips,fmi8fc4,t3_fvgh3c,1586104502.0,Tame impala! You should do this on turnip.exchange!
acturnips,fmi6q6y,t3_fvgaqr,1586103544.0,Me!
acturnips,fmi6ai3,t3_fvg9ws,1586103299.0,"I like hamlet. 
Me pls I'll tip with whatever I have. 
First time selling"
acturnips,fmi5ezu,t3_fvg3kx,1586102786.0,JazzyJackie <3
acturnips,fmi4sf8,t3_fvfyrg,1586102420.0,Me please I'll see if me or my friends have rose seeds
acturnips,fmi4hcs,t1_fmi4f4b,1586102237.0,Lol tried to get straight to the point
acturnips,fmi4be2,t3_fvfusl,1586102138.0,Mee APPLES
acturnips,fmi3xa0,t3_fvfmau,1586101904.0,Why did I get downvoted :(
acturnips,fmi2pib,t1_fmi2j7n,1586101155.0,Check ur messages pls
acturnips,fmi2p3k,t1_fmi2fad,1586101147.0,I sent u a chat
acturnips,fmi2oo3,t1_fmi2f1o,1586101139.0,Sent
acturnips,fmhy21e,t3_fve7uz,1586097301.0,Hi still available. First time doing this.
AnimalCrossing,fmhr3ra,t1_fmhi5b0,1586090972.0,Holy moly I love technology
AnimalCrossing,fmgzrjx,t3_fua8uo,1586062342.0,How did you do that? How does the turbo function on a pro controller?
tax,fmey1cs,t3_fq71lw,1586015978.0,"What if my dad has not filed his taxes for 2019 yet but filed me (21, full time student) as a dependent in 2018? I have been filing as independent since 2017. For some reason he filed me as dependent even though I live on my own in a dorm. (he has not supported me in 4 years) Will I get the stimulus check if I tell my dad to file his 2019 taxes as soon as possible with me as independent? 
How do I determine if I am considered claimable if I made $7,906 from my on campus job in 2019? In the guidelines, it states that I can't provide more than half of my support which I do but how will the IRS determine whether I did?"
politics,fmewytu,t1_fl7r4s5,1586015331.0,I'm a student and get nothing yay
NintendoSwitch,fm2iue9,t1_fm2ibpx,1585698359.0,I saw a google search that said they would recover the data if you say you lost your device. Would that be an option?
ACQR,fm1h3la,t3_fsfm2p,1585678306.0,How do I add it??
