Warframe,fqm6gxg,t3_gjj11n,1589472318.0,"That's sick, man!"
DIY,fqm5w2e,t1_fqkpp0b,1589472035.0,"I was thinking the kid is coming down too fast, and flies into the fence"
Zoomies,fpwm6lv,t3_gfqkbp,1588965907.0,I hope they get any sort of carpet on that floor. I don't wanna see the lil guy slip and hurt its back! :(
geology,fpwl3wk,t1_fpwjwut,1588965360.0,"Well, good :p"
NonBinary,fpvaxxr,t1_fpvawd3,1588940400.0,Dope. Thanks!
NonBinary,fpv9otc,t3_gfqav6,1588939396.0,"What is the title? It doesn't work on mobile. :(

Gorgeous picture!"
geology,fpv9iq1,t1_fpscxkq,1588939257.0,"I was looking for someone to point it out lmao! Idk if they're downvoting bc they don't understand or if they just didn't find it funny, but for those who don't understand; dykes are a type of lesbian."
TalesFromThePizzaGuy,fpv91ur,t3_gfhd6z,1588938864.0,"If you really want it, you could maybe go visit them off-shift? Just need to get it checked out by a vet."
TwoXChromosomes,fpn9qfb,t1_fpmp5ap,1588755184.0,"All my underwear is shaped so that the front isn't as wide as the back. I just hold em up flat and see. Not sure how I'd do in dark, but that's future me's problem."
TwoXChromosomes,fpn9ke0,t3_geb4g5,1588755011.0,We have bow women and non-bow women. And that's cool!
Art,forkpvm,t3_g8yy77,1588013862.0,This is sad and beautiful. I think I'll use it as my phone wallpaper
NonBinary,fo8c0rt,t3_g62r55,1587593686.0,Hella relatable
nickofstatic,fn63hbt,t1_fn3oohl,1586685947.0,Oh no I didn't realize that. Now I'm crying :(
AskReddit,flz131k,t3_fruade,1585613250.0,My horoscope is Aries and I also have moles in the shape of the Aries constellation on my side
entitledparents,fkl37vf,t1_fkl2l9f,1584297511.0,"Ohh, yeah that's fair!"
entitledparents,fkh5fme,t1_fkexfdd,1584189236.0,They mean if a stranger came in and grabbed the kid while no one was with him..
entitledparents,fkh4kkf,t3_fie328,1584188326.0,"Question, what size are the tp packs? And why are you as well buying so many? :D"
dankchristianmemes,fj3gday,t1_fj2pmwm,1582982705.0,Planet skylines
tf2,fiywjng,t3_fai99f,1582848586.0,"That is really cool! Awesome job, man"
lgbt,fiyvtmz,t3_fahcd0,1582848106.0,Woah... You are beautiful! I love your strappy top under the other shirt. :O
OlderThanYouThinkIAm,fiyst6o,t1_fixzjrt,1582846143.0,Wonder what happens when you hit 50 downvotes
lgbt,fiq3gpo,t3_f8y3hb,1582633856.0,"Very much this. And also, for the love of god, can people stop calling things cancer?"
watchpeoplesurvive,fi4dexx,t1_fi487fm,1582138932.0,Oh god
yesyesyesno,fi4ac3v,t1_fi49uuy,1582137158.0,"She does her flips and lands so that her knees pop in the wrong direction and she falls on her ass. Loojs extremely painful, I don't recommended watching."
EntitledPeople,fhydb6v,t3_f1x4he,1581973604.0,You can add a picture by uploading it to Imgur and linking it
WritingPrompts,fhwyzkj,t1_fhww42j,1581937538.0,I'm writing one like that just for myself.
actuallesbians,fhkx3c6,t1_fhku91l,1581692766.0,I posted an update in the comments â™¥
actuallesbians,fhkx231,t3_f39udc,1581692747.0,"**Update on how it went:**

We grabbed drinks and carrot cupcakes at a cafe and chatted some small things, whatever came to mind, mostly just enjoying the treats. Afterwards we walked around the mall and held hands! Oh, she was also wearing my scarf because she got cold. Then we went to sit down to rest our poor feet and asked each other some random questions we found online, lol.

After enough rest we went to one last store and found this gosh darn cutest decorative corner with dinosaur plushies and other things- I LOVE dinosaurs! Had to buy one ([pic of it here](https://imgur.com/Imc3PRc)) She also had her eyes on one slightly bigger bear plushie, but couldn't get it. Might have to get it for her if we continue going on dates and stuff! :D

We were getting pretty tired and decided to head home. We took the same train and her stop is just two stations before mine. Hugged and booped each others' noses and she left. Awkward cutenessss!! <3"
wholesomegifs,fhjzys9,t3_f3it4b,1581661147.0,Aaaaaa it's so precious!! I wanna squeal in delight but that might be embarrassing oh no
actuallesbians,fhhfk0z,t1_fhhf3vh,1581602987.0,Yesss â™¥ï¸â™¥ï¸â™¥ï¸
actuallesbians,fhhfitu,t1_fhhfeuh,1581602964.0,"Thank you! We both keysmash so much, lol. Both switches, too, but not very sexual."
entitledparents,fgp06og,t1_fgmugn4,1580993312.0,"There are trampoline parks all around the world, lol."
aww,fgoy3x2,t1_fgnpjer,1580991482.0,Could also be that all the barking worsened your hearing? Dogs do get pretty loud.
bigtiddygothgf,fgoxle2,t3_ezjmt4,1580990944.0,Is... Is that Gabe Newell tattooed on your left forearm? lol
gifs,fgkz1dz,t1_fgkuxl1,1580877149.0,That is a good point. Thank you for saying this!
AskReddit,fg46wi4,t1_fg3kt2y,1580497412.0,"That's only inconvenient on Thursday, everyone. Just change your socks on Friday."
TalesFromThePizzaGuy,fg2q4b3,t1_ffyu9v6,1580451528.0,"As a person living in a country where tips are unheard of, that sounds like a huge amount."
europe,fg2pv8i,t1_fg0c2ed,1580451265.0,I dont understand this
TwoXChromosomes,ffv113m,t1_ffux47x,1580253218.0,"My eyes are easily irritated and I don't want to spend a long time cleaning everything off, so I think concealer and lipstick are good enough ðŸ˜… My concealer doesn't irritate my eyes fortunately, but sometimes it does make them feel heavy, idk."
TwoXChromosomes,ffuuu4d,t1_ffuroui,1580249761.0,"Oh, thank you :D"
runescape,fdgbg40,t3_ekyxcx,1578388548.0,"Ahh, good times. 2010, playing on my laptop with my mum playing on her pc. Best way for me to learn English"
AmItheAsshole,fdgb0mm,t1_fdf0ti6,1578387934.0,"And also given some of it to a boyfriend, who I assume came by later, and he isn't being made to pay...? Definitely NTA"
TalesFromTheCustomer,fcu5sk2,t1_fcu3a3u,1577973246.0,"I meant it's way more than just ""rude"""
TalesFromTheCustomer,fctsg5b,t1_fcscou0,1577957115.0,How is verbal abuse and messing with someone's property (taking and throwing their things) being rude?
actuallesbians,fctl9u5,t3_eifacb,1577947459.0,"I dont know about definitely wlw names, but I chose Asa and Tea (teh-ah) for myself. I hope they're gay enough ;o"
actuallesbians,fctkkwm,t3_eitb4g,1577946647.0,Beautiful poem <3
actuallesbians,fctiups,t3_eir9p9,1577944784.0,I dont want to D:
actuallesbians,fctirmy,t3_eiqb3x,1577944696.0,"I'm honestly confused how they are stud earrings. Maybe the angle is confusing, idk. I do like the rainbow though"
actuallesbians,fcqk7t2,t3_ei5ifu,1577887457.0,"Mid-day, space traveling and tea sipping 666 gay. :)"
gaming,fcjnl8q,t3_ehgqra,1577695377.0,That is so friggin cool! I love art with large amounts of detail and you have the perfect amount of it to not be too cluttered.
blurrypicturesofdogs,fc1ga4v,t3_effxs3,1577317876.0,"Looking at the thumbnail: ""Oh that doesn't look blurry but it's a cute dog-"" Clicks on picture and sees the blurry dog, has to contain startled laugh"
TwoXChromosomes,fax300k,t3_eamsaj,1576378199.0,People are hating on you for disposing of your tampons that well? Insane.
actuallesbians,fanvn8a,t1_fant6zm,1576251641.0,I imagined top just being the person being above the other and for a bit did not understand what you meant.
actuallesbians,fanvhb4,t3_ea3bkw,1576251534.0,"\*spits out tea\* Ok girls, time to learn some black magic!"
actuallesbians,fan4xbr,t3_e9la35,1576224048.0,Hnnng I want this
RealGirls,faggcsf,t3_e8ul5e,1576053412.0,Gorgeous! â™¥ï¸
dontputyourdickinthat,fab40sn,t1_faa9xih,1575917439.0,"Yeah I don't think this photo really fits here, either"
tf2,f9vgjqn,t3_e6yphp,1575669984.0,"That ""bieng"" made me chuckle. Thank you."
blurrypicturesofdogs,f9vfoe4,t3_e74gzk,1575669411.0,Blessed dog
tifu,f9j7vbq,t3_e59pb8,1575360115.0,"I recommend trimming long hairs with scissors before going in to shave. Or don't shave, just trim. That works fine too."
AskReddit,f9fiue3,t1_f9f68i5,1575273760.0,Why does it have what now?
actuallesbians,f95v42w,t1_f957eoz,1575135770.0,"Ooh, ok! It's just what the image brought to mind :')"
actuallesbians,f94ksp0,t3_e3hrbc,1575091703.0,Congrats! I love though how apparently going on a date means two people are together now :D
actuallesbians,f8us013,t3_e28d8h,1574841329.0,What's the difference between belly and tummy?
actuallesbians,f8uryx5,t1_f8ul3gl,1574841289.0,That's cute! I however find tickling and such painful. D:
depression,f8d7quj,t3_e00pxq,1574480848.0,Once at a trainee position through school I told my employer that I was feeling depressed and she pulled me into her office the next day to nag. Jesus fucking christ I hated that.
aww,f87qqk2,t3_dzevq1,1574340310.0,"As the kitten kept slowly moving forward past the gate it reminded me of a time in Beasts of Bermuda where I was carrying a kill I'd made as megalosaurus, and an acrocanthosaurus appeared, and I tried to just tiptoe past it despite it looking at me and then it roared at me and I dropped the rib and booked it the hell out of there ðŸ˜”"
tifu,f7pzb43,t3_dx82kv,1573956594.0,I love your dogs!
mildlyinteresting,f6uu8v6,t1_f6uqna0,1573168837.0,And the parts where symmetry breaks are making me mad
actuallesbians,f6dnh1l,t3_dqu87b,1572795544.0,"Not sure... Can we have an option of ""flirting with a transwoman 8 years older than me, who lives on another continent, both totes interested in a relationship, but me feeling I'm not mature enough ðŸ˜¢"""
actuallesbians,f6dkvws,t3_dqj3ln,1572795024.0,"""I don't want to give you away-"" I gagged.

Congratulations, you two. I hope your wedding is magnificent! â™¥ï¸"
blurrypicturesofdogs,f68f3t1,t1_f68ez1o,1572728131.0,"Bad bot, it was just an exclamation mark, but I'll fix it"
EarthPorn,f68cqvv,t3_dqimtf,1572727497.0,Kinda looks like a screenshot from Warframe.
FortNiteBR,f5vj473,t1_f5v7mdp,1572490582.0,"Nah, pretty sure it always just throws the bandage at their feet."
FortNiteBR,f5v4amo,t1_f5u5ogo,1572483451.0,I wonder if that's the reason an enemy shot a bandage after my squad once as we tried to retreat to high ground
mildlyinteresting,f5v27lz,t1_f5up941,1572482635.0,I imagined them handing you a frozen block of wine with the contact info carved into it.
mildlyinteresting,f5v1tqe,t3_dpdkll,1572482473.0,That is very pretty. How much does it roughly weigh? How does it fit into a pocket or wallet? Is it sturdy or do you think it might break if you were to drop it? Is the text easy to read IRL?
TwoXChromosomes,f5hfxs1,t1_f5h6hv8,1572204071.0,Aww I want that kinda life someday as well
depression,f4t1lxt,t3_dlfw2v,1571783034.0,"I don't see an interesting future for myself, but I don't wish to die. Not really. Maybe just move to another planet.

I get up from bed to walk our dog when my sister can't, and I get up to go talk to my long distance friends and play games with them. I get up, because I'm hoping one day I'll magically know exactly what I want to do with myself. Become productive. Stop being a scared puppy. Be the adult I'm supposed to be, according to society.

But what I want to do right now is just... Sleep, dress in cute clothes. Hopefully lose weight, work on loving myself again. Fly abroad to see my crush/kinda gf.

I just want to stop being a burden."
Overwatch,f4b1a1e,t1_f4al5ey,1571505020.0,Think of it from Soldier's perspective.
mildlyinteresting,f3m9sem,t1_f3m80tm,1570985196.0,Yeah maybe I'm just being dumb here.
mildlyinteresting,f3m7vdv,t1_f3m6q7x,1570984354.0,"Idk, their fingers could be slightly bent back?"
mildlyinteresting,f3m4o8k,t1_f3lmq4v,1570983008.0,Most likely just a perspective thing. You ever look at your hand from different angles and in different poses? It will look weird.
AmItheAsshole,f3kn4j8,t3_dh6wvr,1570967471.0,"NTA. Eh, it's a weird matter. Some people don't get jokes or sarcasm, but yeah, she shouldn't be telling you what to do. I wouldn't have said I'd been kidnapped, though. Saves headaches."
depression,f3cs9ae,t1_f3cmana,1570827626.0,"I try to do that sometimes, and then the lists get buried by other writings. Oops.

Ah thank you! I'll bookmark those."
depression,f3c2sqq,t1_f3b2m74,1570819104.0,"Aw, thanks for reaching out! You brightened up my mood. I do spend most of my time listening to music, yeah. Walks outside while listening to podcasts sounds pretty nice. Happen to know anything biology related? I actually get excited when I hear or see animals and cool plants. I applied to a natural sciences school, too, when applying to the one I'm currently in (ICT), but didn't make it. ðŸ˜”

It's funny to me that I tend to forget I can get excited by things. I just remember it randomly when asked about my interests. :')"
depression,f3aol6o,t1_f3a2ugc,1570783567.0,Same here
depression,f3aokui,t3_dg8f2f,1570783552.0,"Yeah. Apathetic, useless zombie, but the difference is that I'm not rly doing anything. Trying to attend classes, but not taking anything in or not doing the assignments. Not looking for work, because I know I'll fail anything I'll be told to do. Lucky that my mum can just afford to keep me in the same apartment. I'm 19 for reference."
dashcamgifs,f33rs4y,t3_df9afb,1570643923.0,Y'all saying the fast car should have seen em and stopped? Pretty sure they wouldn't have had time to stop.
Art,f33px8j,t3_dfgbia,1570642960.0,I wanna see someone make this in Minecraft in 1:1 scale. :D Hella nice piece. Love voxel stuff.
actuallesbians,f2zm2o6,t3_deq8gl,1570529546.0,My eyes got bigger and a shiver went through me when I saw this. I shall call it The Gay Shiverâ„¢
actuallesbians,f2zlyst,t3_deri5d,1570529385.0,Nice
todayilearned,f2zi0yb,t3_derwva,1570522986.0,"Well, America is also a big place, so no wonder."
geology,f26w8qi,t1_f26w0co,1570024993.0,Oh thank you. That's pretty neat
rockhounds,f26kjw6,t3_dc0jad,1570014669.0,Doesn't look very edible
geology,f26kil3,t3_dc2kv0,1570014625.0,What is a dike? Read it as dyke first and got confused.
actuallesbians,f26dmc5,t3_dc34n7,1570004694.0,"Once you're in a relationship I'd think it gets easier, but indeed: finding, meeting, befriending and getting into a relationship? Impossible."
cursedcomments,f269z9g,t3_dc4lmr,1569999783.0,Can someone explain what the shower means in this?
entitledparents,f1z4fuh,t1_f1xjnlq,1569833783.0,I like to play Zarya and Lucio
aww,f1z3k8s,t3_db4m12,1569832761.0,I love that the hoodie matches the kitty!
