stopdrinking,fqyp6im,t3_gkq2d1,1589752257.0,"I will not drink with you today. Stay strong, everyone.

ðŸ’š"
stopdrinking,fqyp5m4,t3_gk4xlw,1589752245.0,"I will not drink with you today. Stay strong, everyone.

ðŸ’š"
stopdrinking,fqyp2t4,t3_gl8w0i,1589752208.0,"I will not drink with you today. Stay strong, everyone.

ðŸ’š"
stopdrinking,fqo61m3,t3_gjgmox,1589508299.0,"I will not drink with you today. Stay strong, everyone. 

ðŸ’š"
stopdrinking,fqk8qdu,t3_ghieeh,1589422325.0,"I will not drink with you today. Stay strong, everyone.

ðŸ’š"
stopdrinking,fqk8no6,t3_gitq3e,1589422282.0,"I will not drink with you today. Stay strong, everyone.

ðŸ’š"
Cortex,fqfg5qx,t3_gi8j2f,1589324296.0,"One suggestion that would save you a tonne of time, get the grid youâ€™ve drawn made as a runner stamp, then stamp the system onto the pages.

This would save you a huge amount of time."
stopdrinking,fqffsat,t3_gi5za5,1589324109.0,"I will not drink with you today. Stay strong, everyone.

ðŸ’š"
stopdrinking,fq5srud,t3_ggwb1l,1589116467.0,"I will not drink with you today. Stay strong, everyone.

ðŸ’š"
LabourUK,fq5sp6p,t1_fpht9y4,1589116409.0,"Very Francis Bacon, and all the better for that. Blood on their hands.

ðŸ©¸"
Cortex,fq0tx3t,t1_fq0rkog,1589037591.0,"One of the things I learned this week (and last) is that building a network or community is hard work. It takes a degree of curation, and a lot of nurturing.

And, yes, Reddit is hard to beat for certain things. That said, for my design network, I think Slack works because itâ€™s a tool used by my industry so is very low barrier to entry."
stopdrinking,fq07qra,t3_ggaa23,1589028554.0,"I will not drink with you today. Stay strong, everyone.

ðŸ’š"
Cortex,fpzvu46,t1_fpxuosf,1589024428.0,"Oh, eek, non-threaded conversations would be a deal breaker for me. Threaded conversations keep streams of thought focused and separated.

If all the side conversations were just lumped into one channel, nightmare.

Thanks for your thoughts. Iâ€™m currently setting up a design community using Slack and Iâ€™m considering alternatives, because Slackâ€™s per member pricing is way beyond our budget."
stopdrinking,fpxuiif,t3_gfnru2,1588989841.0,"I will not drink with you today. Stay strong, everyone.

ðŸ’š"
Cortex,fpxrsrm,t3_gfw93z,1588988273.0,"Intrigued. Iâ€™m on a tonne of Slacks, but not on Discord. Whatâ€™s the benefit of Discord over Slack?"
NotionSo,fpqn2ss,t3_fd91cw,1588826751.0,"See my comment below. I arrived here via Google and the lack of H4-H6 headings makes me sad. (And I'm sure Tim-Berners Lee, too.)"
NotionSo,fpqmyv4,t1_fjhvunc,1588826672.0,"I 100% agree with this. Having written a book (10+ years ago) on HTML, CSS and Web Standards, I find it unfathomable that Notion doesn't just map over this HTML structure 1:1. There are many cases I can think of where I'm dropping into H4s and I often hit H5s.

It seems very **unsemantic** to limit headings to H1-H3."
stopdrinking,fppioiw,t3_gees90,1588802988.0,"Oh my word. Three days of utter madness where Iâ€™ve had around seven hours of sleep. I am like a zombie, but one thing remains: no alcohol!

Looking forward to: 1. Sleep; and 2. Getting back to being active in the community again.

I will not drink with you today. Stay strong, everyone.

ðŸ’šðŸ’šðŸ’š"
stopdrinking,fppiihl,t3_gdsjrj,1588802899.0,"I will not drink with you today. Stay strong, everyone.

ðŸ’š"
stopdrinking,fppihsd,t3_gcld4v,1588802889.0,"I will not drink with you today. Stay strong, everyone.

ðŸ’š"
stopdrinking,fppibu4,t3_gc3qtz,1588802802.0,"I will not drink with you today. Stay strong, everyone.

ðŸ’š"
NotionSo,fppi6n3,t1_fpje7pu,1588802727.0,Thank you!
stopdrinking,fpirt78,t3_gd5zzj,1588647280.0,"I will not drink with you today. Stay strong, everyone.

ðŸ’š"
stopdrinking,fpirs80,t1_fpfimb5,1588647263.0,"This comment really brought a smile to my face after a difficult night, thank you! I totally agree about communities of people, especially generous communities like this one.

I will not drink with you today, my friend."
NotionSo,fpirfq0,t1_fpfntck,1588647047.0,"Thank you for this. Iâ€™ve started experimenting with that. Iâ€™m paying for Teams, but truthfully, Iâ€™m on a startup accelerator programme and Notion credit is one of our perks. Iâ€™ve loved Notion so far!"
NotionSo,fpdp20o,t1_fpck6t6,1588531367.0,"I have a question. Iâ€™ve been teaching design at Belfast School of Art for 20+ yearsâ€¦ Iâ€™m in the process of moving everything Iâ€™ve learned and everything Iâ€™ve taught into Notion.

Iâ€™ve been testing this on a set of eight beta learners and we call the resource â€˜The Libraryâ€™. During a coaching session, each learner can duplicate a relevant section of the library, enabling each learner to build their own curriculum.

I have a vision that I could use this as the basis of a design- and business-focused teaching community (outside of Belfast School of Art), but Iâ€™m struggling to find a way to build a paid membership community around this.

If I invited all the learners to join my team, so I could make the library private, Iâ€™d have to pay $8 per member per month. That would wipe out the membership fees Iâ€™d planed on charging, or push the price up and put it beyond the reach of many.

If Notion makes an API available, would I be able to wrap a membership layer around the library? (Sorry, Iâ€™m non-technical!)

This is a non-university project, i.e. my learners wouldnâ€™t count as students (free) in Notionâ€™s eyes. I feel like Iâ€™m close to a solution, but the membership system seems out of reach."
NotionSo,fpdo1sd,t1_fpd8fmc,1588530799.0,This drives me nuts! So much so that I wait to edit things until Iâ€™m in front of my desktop.
stopdrinking,fp7h0dq,t3_gbeubx,1588370456.0,"I will not drink with you today. Stay strong, everyone. Sending everyone much love for the weekend.

ðŸ’šðŸ’šðŸ’š"
stopdrinking,fp4nwc6,t3_gasdk3,1588303193.0,"I will not drink with you today. Stay strong, everyone.

ðŸ’š"
stopdrinking,fp01gc3,t3_ga5yul,1588200699.0,"I will not drink with you today. Stay strong, everyone.

ðŸ’š"
stopdrinking,fp01ewh,t1_fou1r9x,1588200678.0,Thank you! And you!
stopdrinking,fotyi2d,t3_g9jxty,1588070642.0,"I will not drink with you today. Stay strong, everyone.

ðŸ’š"
stopdrinking,forvinc,t3_g8x5dl,1588019245.0,"I will not drink with you today. Stay strong, everyone.

ðŸ’š"
stopdrinking,forvh5f,t1_foom6m2,1588019224.0,"Hello from Ireland! Hope youâ€™re well. Iâ€™ve had a few days of eurgh â€“ all this lockdown getting on top of me and my family â€“ but we will all get there. Together.

I will not drink with you today. Stay strong, everyone.

ðŸ’š"
stopdrinking,foob720,t3_g89nrz,1587935909.0,"I will not drink with you today. Stay strong, everyone.

ðŸ’šðŸ’šðŸ’š"
stopdrinking,foji8ps,t3_g7qcrn,1587821625.0,"I will not drink with you today. Stay strong, everyone.

ðŸ’š"
stopdrinking,foj9b9e,t3_g75716,1587813464.0,"I will not drink with you today. Stay strong, everyone.

ðŸ’š"
stopdrinking,foexsnx,t3_g74mlo,1587718580.0,"Itâ€™s not cliched (reaching rock bottom) and the main thing is youâ€™re here. I found taking it one day at a time helped.

I couldnâ€™t allow myself to entertain the thought that I might be calling it quits forever â€“ as far as alcohol was concerned â€“ so I settled on the goal of â€˜A Year, Probably More, Off Alcoholâ€™.

I remember the beginning of the journey and it was a challenge. Instead of thinking of the vastness of time stretching out ahead, I broke the time down into smaller milestones. This might sound ridiculous, but it helped me hugely.

I made up all sorts of crazy mini milestones just to keep myself focused:

+ 1, 2, 3, 4, 5, 6 daysâ€¦
+ 1 weekâ€¦
+ 10 days, double digitsâ€¦
+ 11 (the first double digit prime number!)â€¦
+ 12, a dozenâ€¦
+ 13, a bakersâ€™ dozenâ€¦
+ 2 weeksâ€¦
+ â€¦

Looking back it was nuts, every day was a milestone! But, for me, I was building a system that would just get me through the days.

You can do this, and weâ€™re here with you. I will not drink with you today. Stay strong, my friend."
stopdrinking,fodx1ey,t3_g6yg36,1587691747.0,"100%. Also, I think itâ€™s interesting you said, â€œsome substance.â€ Iâ€™ve struggled with an addictive personality since forever and the idea that thereâ€™s **something.** that will magically transform things is delusional.

Your post helped me see things in a different light. Thanks.

I will not drink with you today. Stay strong.

ðŸ’š"
stopdrinking,fodwoh2,t3_g6yibn,1587691548.0,"Great stuff! Proud of you. I will not drink with you today. Stay strong, youâ€™ve got this.

ðŸ’šðŸ’šðŸ’š"
stopdrinking,focqozq,t3_g6gcxy,1587674591.0,"I will not drink with you today. Stay strong, everyone.

ðŸ’š"
stopdrinking,fo90dzn,t1_fo6gor1,1587607724.0,"I donâ€™t really have happy hour coworkers, thankfully."
stopdrinking,fo90b05,t1_fo6advg,1587607670.0,Happy to help.
stopdrinking,fo909ye,t1_fo5btus,1587607652.0,Major changes and worth every step. Thank you.
stopdrinking,fo907ib,t3_g5wvkn,1587607608.0,"I will not drink with you today. Stay strong, everyone.

ðŸ’š"
stopdrinking,fo53w6z,t3_g5kb6x,1587516952.0,"Thank you for your lovely comment. My father had problems with alcohol. I did too.

Iâ€™m filled with regret about the past, but Iâ€™m glad I made the changes I did a few years ago. They massively changed my relationship with my son and daughter (and my wife).

Iâ€™m focused on taking it one day at a time. Your message really helped to remind me of the importance of that. Thank you."
stopdrinking,fo534xw,t3_g5remi,1587516489.0,"What a fantastic achievement. Well done! Two years, twice around the sun. Think of how far that literally is! Massive.

ðŸŒžðŸŒž"
stopdrinking,fo52zg4,t3_g5reqw,1587516396.0,"I was that husband. I was an absolute disaster. It took for me to see it myself and want to make a change myself. What helped me no end was discovering this sub and focusing on the daily check-in each day.

Something about starting off the day with a pledge made a big difference:

**I will not drink with you today.**

Sharing those words with others and taking it one day at a time made all the difference. I hope you get things sorted, I am sending you positive thoughts."
stopdrinking,fo52n03,t3_g5qwb9,1587516185.0,"Well done, fantastic achievement! ðŸŽ‰ðŸŽ‰ðŸŽ‰"
stopdrinking,fo52krr,t3_g5r7j2,1587516148.0,"Tomorrow is a new day as you said, and youâ€™re here. We can do this, together weâ€™ll get there."
stopdrinking,fo51zzv,t1_fo50ac2,1587515800.0,"Yes! Marathons. Well, four in my life and one last year to raise money for Rethink Mental Illness.

Iâ€™m only too happy to reply. Iâ€™m a mod here now and so Iâ€™ve been spending much more time here recently.

I can remember all too well trying hard and things not going great. But, letâ€™s look on the positives: you said, â€œâ€¦so far.â€ Thatâ€™s a good sign. Maybe tomorrow will be better. Iâ€™m sending bazillions of positive thoughts to make sure it is, Sally.

I remember having awful days at the start of my journey and some days I flat out just went to bed at 8.00 pm or some other ludicrously early time so I could just sleep and restart the day again!

Iâ€™m sending lots of good wishes from Ireland.

â˜˜ï¸"
stopdrinking,fo4z57j,t1_fo4yk2a,1587514106.0,"I do love that scene. I remember watching it first time around (before I started on this journey) and I just couldnâ€™t see myself in that position ever. Now that one scene means the world to me.

Every time I watch it I get the feels!

ðŸ’š"
stopdrinking,fo4yx8k,t3_g5qciy,1587513978.0,"I remember back to this point and it was super tough. I made up all sorts of crazy mini milestones just to keep myself focused:

+ 1, 2, 3, 4, 5, 6 daysâ€¦
+ 1 weekâ€¦
+ 10 double digits daysâ€¦
+ 11 (first double digit prime number!)â€¦
+ 12, a dozenâ€¦
+ 13, a bakersâ€™ dozenâ€¦
+ 2 weeksâ€¦

Looking back it was nuts, **every day was a milestone**! But for me it was building a system that would just get me through.

Youâ€™ve got this my friend. **Weâ€™ve got this!** We can do it together. Iâ€™ll never forget how many people were here for me in the early days and Iâ€™m here for you, as is everyone!

Stay positive and: I will not drink with you today. Stay strong.

ðŸ’šðŸ’šðŸ’š"
stopdrinking,fo4yafl,t3_g5qc50,1587513604.0,"I love this, I use @fsckthezero as a username on another platform and I really regret not having used it here on Reddit! Oh well.

ðŸ¤·ðŸ»â€â™‚ï¸

The main thing for me is: 1. I will not drink with you today; and 2. Fsck the zero!

ðŸ’š"
stopdrinking,fo4v6ct,t3_g5px3y,1587511850.0,"I know this is probably freaking you out (this kind of thing freaked me out in the early days), howeverâ€¦

We have a gentle rule in r/stopdrinking not to offer medical advice.

This kind of thing worried me in my early days, but if youâ€™re worried please do contact your doctor. Meanwhile, please do stay positive. I am sending you positive thoughts from Ireland.

Lastly: Six months is an incredible achievement. Well done!

I will not drink with you today. Stay strong.

ðŸ’š"
stopdrinking,fo4ubmw,t3_g5q1v4,1587511362.0,"Hello, Iâ€™m not sure what kind of help you need and we have a rule here to â€˜speak from the Iâ€™, so thatâ€™s what Iâ€™ll do.

I found this sub when I was in a pretty low place and one thing I learned thanks to all the wonderful people here was to take every day one day at a time.

I found doing that helped make things more achievable. It also helped me to stay focused. This really is the most supportive community. We are all in this together and Iâ€™m sending you positive thoughts.

I will not drink with you today. Stay strong, my friend!"
stopdrinking,fo4u177,t3_g5py16,1587511197.0,"Enjoy that view, youâ€™ve earned it! Iâ€™m so, so proud of you, as is everyone here. Great work!

ðŸ’š"
stopdrinking,fo4sj5o,t3_g5p94j,1587510372.0,"I found the daily check-in here really helped me. Just being accountable with others made a big difference. Itâ€™s hard at the beginning, but I found taking it one day at a time worked for me.

I also set achievable mini-milestones: 1, 2, 3, 4, 5, 6, 7 daysâ€¦ then 10, double digitsâ€¦ 12, a dozenâ€¦ 15. It was nuts, for me at the start every day was some kind of invented milestone, but that really helped me stay focused and positive.

I will not drink with you today. Stay strong, my friend!"
stopdrinking,fo4rpvm,t3_g5alc8,1587509928.0,"I will not drink with you today. Stay strong, everyone.

ðŸ’šðŸ’šðŸ’š"
stopdrinking,fo0sae9,t3_g4otuv,1587418831.0,"I will not drink with you today. Stay strong, everyone.

ðŸ’šðŸ’šðŸ’š"
stopdrinking,fnx560z,t3_g43rx9,1587331683.0,"I will not drink with you today. Stay strong, everyone.

Did I check in already? Even if I did, two canâ€™t hurt!

ðŸ’šðŸ’šðŸ’š"
stopdrinking,fnx50z8,t1_fnwrltd,1587331604.0,Great work.
stopdrinking,fnx4zv1,t1_fnwf89g,1587331587.0,"We can do this. Stay strong, my friend."
stopdrinking,fnweoom,t1_fnwedcf,1587316953.0,"Weâ€™ve all been there, oh my word, those waking up â€“ What did I do?! â€“ feelings. I hated those. We are all here to support you, youâ€™ve got this friend.

ðŸ’šðŸ’šðŸ’š"
stopdrinking,fnwegjf,t3_g4b96z,1587316826.0,"Well done! That a working week under your belt. Two more days and you hit a week. I am proud of you!

I will not drink with you today.

ðŸ’šðŸ’šðŸ’š"
stopdrinking,fnwedag,t3_g4baqs,1587316776.0,"Welcome to the journey, my friend! Iâ€˜m taking this day as my first once again to be on this journey alongside you, because one thing I learned joining this sub: We are all in this together.

I remember how terrifying Day 1 was. It was huge for me. Every single day thereafter it got just a little bit less terrifying. Iâ€™m thinking of you and sending you huge, giant positive thoughts.

I will not drink with you today. Stay strong, weâ€™ve got this!

ðŸ’šðŸ’šðŸ’š"
stopdrinking,fnwdtv2,t3_g3kxoh,1587316481.0,"I will not drink with you today. Stay strong, everyone.

ðŸ’šðŸ’šðŸ’š"
stopdrinking,fnvv5gd,t1_fnvmiuw,1587305507.0,Thank you. Great work on your just around the corner 400 days! ðŸŽ‰
stopdrinking,fnv8kmy,t1_fnunbd8,1587284006.0,"Ah, sorry! Whatever number you were at, in my book days not drinking > days drinking. Stay safe and stay strong, weâ€™re in this together.

ðŸ’š"
stopdrinking,fnv8hnx,t1_fnudy4a,1587283921.0,"226,610 membersâ€¦ and counting! Itâ€™s incredible. There are strength in numbers.

Iâ€™m always happy to supply positive, kind words. So many people helped me in my early days and I wouldnâ€™t be where Iâ€™m at now without them.

Great work, one day at a time, weâ€™re with you!

ðŸ’šðŸ’šðŸ’š"
stopdrinking,fnv8caw,t1_fnub0rr,1587283768.0,"Stay safe across that pond! I hope where you are, everythingâ€™s well. Also: Great 100+ days. Well done. ðŸŽ‰"
stopdrinking,fnu6iqq,t3_g3whfr,1587255546.0,"Youâ€™ve got this u/saruvia! Sending you huge quantities of positive thoughts from Ireland. Hereâ€™s to getting through this together. There is strength in numbers and there are nearly 250,000 of us sobernauts!

Thatâ€™s a number I find incredible every time I see it. I will not drink with you today.

ðŸ’šðŸ’šðŸ’š"
stopdrinking,fnu61zk,t3_g3wsgu,1587255267.0,"16 months is a fantastic achievement, well done. That â€˜old friendâ€™ analogy rang a lot of bells with me, thanks for sharing it.

From my perspective the more distance I put between me and that â€˜old friendâ€™, that friend seems less and less like a true friend. I hope one day, I forget that â€˜friendâ€™ altogether.

I will not drink with you today.

ðŸ’š"
stopdrinking,fnu5k4j,t3_g3wwg6,1587254980.0,"I feel for you! Iâ€™ve struggled with the cigarettes part of the equation on and off over the last few years. Iâ€™m sending you positive vibes on that front.

Itâ€™s taken me many attempts over the last few years and Iâ€™ve yet to hit eight months off smoking (Iâ€™m around three just now) so thatâ€™s a fantastic achievement in my eyes.

Itâ€™s a stressful tim just now, no doubt, look after yourself my friend. I will not drink with you today and I wish you well."
stopdrinking,fnu5585,t3_g3xss0,1587254745.0,"I noticed this too. (I also suffer from depression and anxiety.)

It took me reaching six months to realise that the alcohol â€“ which all along, I thought of â€˜as a way to copeâ€™ â€“ was, in fact, making my situation worse. Iâ€™m glad I made the changes I did.

Well done on your 1,300+ days, thatâ€™s some achievement!

ðŸŽ‰"
stopdrinking,fnu4ql6,t3_g3xbc2,1587254520.0,"I think â€“ if Ireland and the UK are anything to go by â€“ that a lot of people who are struggling to deal with the situation are turning to alcohol as a coping mechanism.

Thatâ€™s certainly been on the news here and has been something Iâ€™ve noticed in the shops.

Today I had to go shopping and there were a number of folks with supermarket trollies **filled to the brim** with just alcohol. I just thank heavens that Iâ€™m not on that train any more. Phew.

I will not drink with you today. Stay safe!"
stopdrinking,fnu42sz,t3_g3xm7a,1587254141.0,Sending you positive thoughts from Ireland. I will not drink with you today. Stay safe.
stopdrinking,fnu3rhf,t3_g3xl0v,1587253961.0,"Great work! There must be a sign here, we had sirloin steaks tonight in Ireland too. I will not drink with you today. Stay strong, my friend, weâ€™re in this together.

ðŸŽ‰"
stopdrinking,fnu2x8d,t3_g3xddd,1587253508.0,"Well done, 80 is an amazing achievement! Go you! Hereâ€™s to the little things in life that we see when we remove alcohol from the situation.

Proud of you!

ðŸŽ‰"
stopdrinking,fnu2osy,t3_g3xf77,1587253381.0,"Hold on. So many people here are thinking of you. Weâ€™re here for you, always."
stopdrinking,fnu2iv6,t3_g3xffj,1587253293.0,Ha! This. Well done!
stopdrinking,fnsgan9,t1_fnrtvl8,1587220994.0,"Thank you, and likewise: I will not drink with you today."
stopdrinking,fnrt0zt,t1_fnrn093,1587200450.0,Thank you. XO
stopdrinking,fnpw5ls,t1_fnon81l,1587153095.0,"Boom: **I will not drink with you today. Stay strong, everyone.**

Sending lots of massive hearts and hugs out today. Iâ€™m really honoured to be asked to assist as a mod.

ðŸ’šðŸ’šðŸ’š"
stopdrinking,fnpw0pq,t1_fnntic6,1587153025.0,"Cheers, u/sainthomer! Itâ€™s good to be aboard."
stopdrinking,fnpvyat,t1_fnn9140,1587152990.0,"Thank you, Iâ€™m still in awe of your 2,595 and counting days!"
stopdrinking,fnpvvxi,t1_fnn88rx,1587152956.0,Thank **you**!
stopdrinking,fnpvuc5,t1_fnocvdx,1587152933.0,Great 825 days you have there!
stopdrinking,fnpvt3g,t1_fnn4emi,1587152916.0,Nope. I need to see if anyone else got it then Iâ€™ll circle back!
stopdrinking,fnpvqtp,t1_fnn3qda,1587152882.0,Thank you! Looking forward to helping as much as I can. ðŸŽ‰
stopdrinking,fnmphso,t3_g2bvrx,1587075693.0,"I will not drink with you today. Stay strong, everyone.

ðŸ’š"
stopdrinking,fnhtube,t1_fnh8zic,1586968740.0,"My pleasure, Iâ€™m just waiting on a wee bit of a briefing so I donâ€™t mess nothing up. Hehe! ðŸŽ‰"
stopdrinking,fnhts7q,t1_fnh4q5m,1586968711.0,Thank you! ðŸ¤—
stopdrinking,fnh4kpz,t1_fnh2l7n,1586954682.0,"Yep, weâ€™ve been in this journey together. Different parts of the world, same journey.

Hope you are well, YWYW! X"
stopdrinking,fnh4ilg,t1_fngzjvt,1586954639.0,"Good to see you too Apple! I was asked to be a mod a couple of days ago, boom. Just waiting for my briefing, then Iâ€™ll be diving in.

Hope lifeâ€™s treating you well!

ðŸ’š"
stopdrinking,fngybzd,t3_g1oov7,1586949398.0,"Good morning, friends. As per usual: I will not drink with you today. Stay strong, everyone.

ðŸ’šðŸ’šðŸ’š"
stopdrinking,fnelfdj,t3_g12g39,1586891461.0,"Good evening from Ireland, friends! I hope everyone is staying safe and sober! As per usual: I will not drink with you today. Stay strong, everyone. Sending much love.

ðŸ’šðŸ’šðŸ’š"
stopdrinking,fnbl30p,t3_g0flfg,1586817443.0,"Happy Easter Monday, friends. As per usual: I will not drink with you today. Stay strong, everyone.

ðŸ’š"
stopdrinking,fn8c52j,t3_fztqns,1586738373.0,"I will not drink with you today. Stay strong, everyone.

ðŸ’š"
stopdrinking,fn3knzq,t3_fyzqiz,1586622663.0,"Half hour walk (on country lanes, socially distanced!), done! Half hour of dancing to Melon Bomb, live from Ibiza, done! Time to relax. I will not drink with you today. Stay strong, everyone.

ðŸ’š"
