SuicideWatch,flzx2j0,t3_frqpgh,1585636401.0,‚ù§Ô∏è you can do it
RoastMe,fi035qs,t3_f5boro,1582024375.0,So how are the estrogen injections working for you
AskReddit,fdk0v6r,t3_ell2h8,1578493265.0,Not an adult till December can't say much.. but definitely going to cut down on the 24/7 invasion in my private life they do.
teenagers,fbtjhna,t3_eeazo7,1577081190.0,My height in the imperial system is 69 inches.
india,fb3zoq3,t3_ebcxmp,1576497485.0,"if someone can please explain why the protests have taken to Delhi, not being in India is kind of weakening the contextual knowledge I have of this situation (its all BBC articles rn). Thanks"
teenagers,fa2bs99,t3_e7m4s3,1575780189.0,Boy sauce am I
Guitar,f9jhigr,t3_e5aba3,1575374574.0,Boy here started with love me do. Can't wait to see you progress with the axe üëçü§ü
teenagers,f8z4y7h,t3_e2zv10,1574956915.0,"Start talking first (obviously), then try to find common interests and throw in compliments when talking/texting only when ur close enough otherwise might be a bit creepy to her."
teenagers,f6za0t1,t3_dtudkf,1573313188.0,"I genuinely have no idea where tf my hexbugs are now, I will look for them in the attic these 2 days even though I have 3 assignments due Monday."
MadeMeSmile,f6shr85,t3_dsps38,1573134297.0,Lieutenant Dan?
RoastMe,f601nlk,t3_dpvsp5,1572600599.0,"We will try our best, but the only thing capable of destroying such a huge object destroyed 2 Japanese cities last time it was used."
RoastMe,f5jjd6a,t3_dnrkfa,1572230236.0,The closest they'll get to what getting fucked feels like
physicsmemes,f4kbvsr,t3_dks0ms,1571644732.0,œÄ\3 = 1 somebody carve that on a pumpkin
teenagers,f3lt4uf,t3_dh7mu3,1570979329.0,Had me there for a second
bakchodi,f3lszh8,t1_f3ek4uh,1570979277.0,Bhai second year outside of India engineering nahi kar raha baccha hu
teenagers,f3l1csk,t3_dh83fg,1570971602.0,"They are top level pussies mate, didn't have the balls to confront you. I believe you should just show up to school so because otherwise they'll think them shitting on people actually works. Reddit is here for you."
bakchodi,f3dze9t,t3_dgov6q,1570851751.0,"Same bhai 2nd year tho, sucks ass."
teenagers,f2zc9yy,t3_dev7t8,1570514426.0,Nice
teenagers,eyvv4c3,t1_eyvo5w6,1567512791.0,And like watch everyone get depression.
teenagers,eyvo3bj,t3_cz2on1,1567504284.0,"Coffee is your best friend for the rest of it, say bye to good sleep"
delhi,eyqcokv,t3_cxzufs,1567337593.0,wo to pata hai bhai
delhi,ey4wqho,t3_cvlfo9,1566812161.0, Looks good
RoastMe,ey277if,t3_cuuz7v,1566728248.0,Your adopted rat brother is looking for you
teenagers,ey23x9r,t1_ey1zvnf,1566723279.0,Desi gang
delhi,ex2eijc,t3_cr15a6,1565967978.0,Because they can put simply. If that goes against your bias then...
RoastMe,ewut2z6,t3_cq62at,1565790996.0,Does your house have balloons tied to it making it float.
memes,ewul2nn,t3_cq6v0k,1565784801.0,Not surprised tbh. Have to survive high school for 2 more years.
delhi,evk7sbc,t1_evfq2wu,1564577077.0,superpower 2021 mere dost.
delhi,evf5u4f,t3_cjnm4g,1564489311.0,"Bro, ye log agar itne educated hote to this wouldn't have been the case. They are goddamn annoying."
delhi,evb7itd,t3_ciu9di,1564368158.0,Badi desi English hai sahabzade ki. kaat raha hai kya.
teenagers,eu7h769,t3_cf5sag,1563531532.0,Nice
SaimanSays,eu3q6ut,t3_ceft7l,1563421858.0,"R/rjvc is not needed here, so I'm not spreading it for a normie invasion"
lewronggeneration,eu19zir,t3_ce85uc,1563363378.0,Was that born to run being described??
teenagers,esjuyo9,t1_esjtu7i,1562042645.0,"Welp, happy cake day to you as well then??.."
teenagers,esjs3kt,t3_c84is6,1562040438.0,Happy 16th
teenagers,esjs2p0,t1_esjrw51,1562040419.0,Happy cake day my guy.
teenagers,es2pi0x,t1_es2phak,1561533657.0,"Guess so, good taste."
teenagers,es2peoh,t3_c5mqa6,1561533533.0,6
RoastMe,epw581w,t3_bw9pxa,1559566151.0,"Why are you specifying virgin, isn't it obvious."
teenagers,eoq4nm1,t3_bsr8di,1558784853.0,"Aww, damn bro. So wholesome"
