AskWomen,fqy1e5x,t3_glja3p,1589741024.0,The grass is greener wherever you water it.
AskWomen,fqov7xh,t3_gk2rxw,1589525871.0,"Someone I used to work with at a temporary Halloween store job (I work every year but they only did it as a side gig in college) I thought was super cute. He‚Äôd buy me lunch or drive me home when he could but we were both in relationships. We never had Facebook or Instagram so we never reconnected in any way. Flash forward 6 years, he walks into my Halloween store and the first thing we caught up on was how we both recently got out of our 10 year relationships. We exchanged numbers, and have been dating for 7 months now. It‚Äôs been the best relationship of our lives. We both suffered from the same issues in our last relationships (very different diets, no work ethic from spouses etc) and are amazing partners together. I feel immensely lucky, I mean he was cute enough to just stick around a while but he‚Äôs also sooooo amazing."
assholedesign,fqog0c6,t3_gjoiug,1589514398.0,"One thingI don‚Äôt understand is how Ubereats bases their delivery fee off location, considering some restaurants a city away from me can be $3.99 while other places right around the corner are $7.99."
tifu,fqjey9b,t3_gj0mvr,1589408990.0,People should be more concerned with their genetics. I find it disrespectful to hide that information considering a lot of health issues can be inherited. Imagine dating someone only to find out you were secretly related to them? How else are we gonna avoid being inbred?
TikTokCringe,fqgnan7,t3_gitazn,1589351029.0,"I really wanted to see the whole theme. 

But this was still good enough."
askwomenadvice,fqgmc4o,t3_giiuy5,1589350220.0,"If you wouldn‚Äôt mind your husband getting some toys of his own for his own personal ‚Äòme time‚Äô then I don‚Äôt see why not. Give it a shot, you already bought them. Couldn‚Äôt be worse then keeping a secret."
AskMen,fpitm5s,t1_fpidhzk,1588648432.0,"Yeah realistically after a few months you‚Äôll get a bit used to each other, be too tired or lazy at the end of the day ect. Just got out of a 10 year relationship (26f here) and yeah it‚Äôs probably not gonna be a daily thing forever."
offmychest,fpfhay4,t3_gd5i9f,1588571232.0,"I have two middle names AND two last names. Ex: (        ) (      -      ) (      -      ) Takes up 2 lines on my licence and causes a lot of confusion. Even my employers and landlords often spell of them wrong. 

Upside; I like to pretend one day I could have a secret identity and be ______ 1-2 or ______ 2-1."
AskMen,fpdmd52,t1_fpdgn3q,1588529838.0,Woman here; I would have been greatly impressed even if that was all you knew haha
BPD,fp8uaqh,t1_fp8trar,1588403224.0,"Oh definitely. I just took a shower, shaved my legs and thought about getting in bed with my boyfriend. Once I noticed how tired he was I immediately became depressed and anxious about not being able to sleep and being alone, he then cuddled me and reassured me about how much he loves me and I left the bed feeling amazing. Now I‚Äôm alone in the living room feeling sad and anxious again.  The worst part is I feel silly for being so depressed and then suddenly so happy in matter of minutes in front of my boyfriend. I worry it‚Äôll make him take me less seriously when I‚Äôm upset but he never does."
blunderyears,fp0v42j,t3_gajcmu,1588217604.0,I‚Äôd still wear that sweater.
katamari,fowuslw,t3_ga05ea,1588127606.0,I know I tried to look for it the other day and couldn‚Äôt find it! Why?! D;
AskWomen,foc6pkf,t3_g6hkcx,1587667746.0,That I turned out attractive. God I was such an ugly duckling until about 20 lol
AskMen,fnuovvc,t3_g40tub,1587267331.0,"The slow, filling ease into relaxation. Don‚Äôt get that from most other drinks."
NintendoSwitch,fntqn3m,t3_g3vt0q,1587246891.0,"Stardew Valley, The Spyro Trilogy, Cadence of Hyrule (or any LoZ games) Dragon Quest Builders 1-2."
oddlysatisfying,fnbohwi,t3_g0q54q,1586819234.0,"This must be how sonic feels. 

All this needs is the green hill zone theme  and it‚Äôs perfect."
PewdiepieSubmissions,fmqor43,t3_fwrjwj,1586303854.0,I have never considered that even the cucumbers and tomatoes that vegans eat are still grown in greenhouses using ‚Äòbios‚Äô (bugs to destroy other bugs/pests for optimal production) and that‚Äôs not considered vegan.
DoesAnybodyElse,fkr7wi6,t1_fkpicc5,1584463567.0,Those are literally my favourite toppings.
zelda,fjj2jbh,t3_fdngzc,1583381606.0,"Had this opinion when I was 12. Changed my mind when I was 24. Give it time, they should come around."
BPD,fjdeh72,t3_fcrfpo,1583251588.0,My ex used to do this to me alllll the time. It got to the point where I believed I was much more unwell then I was and didn‚Äôt start feeling better until I left him.
AskWomen,fjabkx1,t3_fcbqzy,1583170191.0,Beer or fast food. I try to save money and stick to a meal plan but every once in a while after a long day I might treat myself to a pint or some burgers etc. Makes it all worth it at the end of the week.
pussypassdenied,fiyeqem,t1_fiy4g0j,1582837986.0,At one point she even says ‚Äúgrow up and stop acting like a baby‚Äù or something along those lines.
NeckbeardNests,filf42u,t1_filawjy,1582500158.0,"That part specifically reminded me of my ex, all those goddamn pizza boxes..."
BPD,fi6k5d0,t3_f6nvwk,1582198544.0,"I got rid of Facebook 2 years ago and it was one of the best things I ever did for my mental health. Going back to it now and writing a status feels like walking into a party I left hours ago and just screaming about my day into the whole room, no one cares; why bother lol. Even Instagram I can only handle sometimes but it really helps keep me stable. And honestly Facebook is an intellectual wasteland anyways you‚Äôre doing yourself a favour by leaving it behind."
BPD,fhz4brg,t3_f5fjfx,1581990562.0,"Congratulations! I‚Äôm a waitress an honestly it can be an extremely fulfilling job. At a busy restaurant you stay active, see a lot of regulars that brighten up your day and can make some extra money on the side when you work hard. I never thought I‚Äôd be a waitress but it‚Äôs honestly one of the best things that‚Äôs helped me over the years to be healthier and feel more normal. It‚Äôs a great way o socializing if you have a hard time getting out of the house like myself."
DragonQuestBuilders2,fhfdxd9,t3_f2synk,1581541446.0,Lol dreaming about breakfast I see (;
BPD,fggu7z5,t3_eyczbh,1580769671.0,That‚Äôs so awesome!! CONGRATULATIONS ‚ô°
DragonQuestBuilders2,fggtwpa,t3_eyfegy,1580769467.0,"It‚Äôs a small prison island that‚Äôs part of the story. You only visit once and may never return, kinda sad."
nocontextpics,fgebgdd,t3_exvrjo,1580695753.0,Reminds me of that forest in Ocarina of Seasons with the changing seasons.
therewasanattempt,fg4qep0,t3_ewnpig,1580508803.0,Yeah and most of the parking is owned by private companies it‚Äôs not like you‚Äôre even contributing to the hospital you‚Äôre visiting. Also I‚Äôve seen people throwing up and practically dying in the waiting room for 8 hours and the doctors won‚Äôt do anything for them because they‚Äôre not next to be seen. Pretty pathetic lol being Canadian is great but there are flaws to every system.
AskWomen,ffg3eif,t3_etaqzp,1579897601.0,As long as toilet paper companies advertise with brown and yellow smears a well lol
askwomenadvice,ffch605,t3_esrnrq,1579799367.0,"I was in a relationship like this for 10 years. It wasn‚Äôt like that for the entire 10 years but the last 3-4 maybe and it didn‚Äôt get better for me. Now, I was working all the time trying to make ends meet we both were and neither of us really had he energy to deal with our issues after work ect so it sorta just kept being pushed back. But I‚Äôm my experience it didn‚Äôt work out. It may have if we tackled it really early, but the damage was too much after years of the same habits and we ended up resenting each other and expecting the same behaviour over and over again."
DetailCraft,ffaoam4,t3_eshs0r,1579740634.0,"I appreciate the yellow and black border lol

Edit: felt like that came out sarcastically, truly meant it tho!"
ChoosingBeggars,ffa3aqu,t3_ese45f,1579727033.0,"Most beggars beg so many people in a day they don‚Äôt even remember the people who do them good. Once I have a beggar $20 just to never ask me again and he couldn‚Äôt even remember that. Probably got drunk and forgot about his entire day. I‚Äôm really really tired of people like that. Don‚Äôt get me wrong, some people are down on their luck. I‚Äôve given people money, food etc. But usually you can tell after you see em a few times if they‚Äôre really worth it or not."
DragonQuestBuilders2,f25vegg,t3_dbejsh,1569984839.0,I do 5 blocks usually. The fifth block being the floor of the second level.
BPD,f1n06j0,t3_da11fg,1569605993.0,Yeah I literally have to put all my clothes and everything I need out the night before and then imagine the entire morning from when I wake up til I leave for work every night. It‚Äôs the only thing that makes it easier. But then if something screws up I‚Äôm twice as upset :p
oddlysatisfying,expsaty,t3_ctobhl,1566493847.0,"Who needs to have their bluetooth, wifi and cellular on at once"
news,exdvcbv,t3_csbmtm,1566187898.0,"$200,000 to install a couple toilets... I‚Äôm no economist but that seems steep?"
Minecraft,exduz5h,t3_csbpb4,1566187557.0,By trying to be inclusive you caused unnecessary confusion. I tried too hard to focus on how gender was involved when it came to a drowned in Minecraft and had to reread it like 5x.
offmychest,exduoue,t3_csbphc,1566187294.0,Why do you hate yourself for it if you feel no guilt? What is it that you are hating?
AskMen,exdudop,t3_csbpoz,1566187016.0,Finish school.
AskWomen,exdu7ob,t3_csbr5r,1566186867.0,"Shampoo beginning of shower, rinse, squeeze out ALL the water then put in conditioner, tie up, leave in the entire shower until I rinse out before I‚Äôm down. Idk if this is common knowledge or not but I feel like it should be."
explainlikeimfive,ex8l8q1,t3_crrkel,1566074663.0,People also thought ‚Äúall the computers were gonna crash‚Äù and that somehow it‚Äôd launch all the nukes in the world at once (or even just a few) and there‚Äôd be some sort of nuclear fallout.
CrappyDesign,ex8kmr7,t3_crrm5a,1566074444.0,üíÅ‚Äç‚ôÇÔ∏è
BPD,ex2s1z0,t3_cr725r,1565974371.0,Yeah I feel like I either have to pretend to be someone else the entire time or try to slowly break them into who I am and maybe still feel like I was lying for the first half? Cause no one wants these problems and half the people without them don‚Äôt understand anyways.
Minecraft,ew66aio,t1_ew663x6,1565155538.0,Thanks! I ran into the 2nd army while bringing the 1st round of horses back to my farm. Almost died lol definitely time to call it a night.
CrappyDesign,ew5efp9,t1_ew5e8y2,1565134273.0,Ye I suppose. Never really been that kind of girl drunk or sober but I‚Äôve known a lot that have dragged me in there with them ¬Ø\_(„ÉÑ)_/¬Ø
CrappyDesign,ew4z8so,t1_ew4m1f1,1565122463.0,"Yeah well, being able to own something and seeing it readily available at every Walmart are 2 different things. I‚Äôm from Ontario Canada, you can‚Äôt even buy alcohol at the corner store you have to go to a specific LCBO (liquor control board of Ontario) store to buy any alcohol. There are only 4 in my city and 3 Beer Stores (stores for beer) so that should show you how little we even see alcohol around, let alone any type of gun. 

I‚Äôm all for hunting ect, I‚Äôd love to own a gun. But it‚Äôs just different here is all I‚Äôm saying. Public perception is much different in Canada then America. I understand guns are a more patriotic symbol there I‚Äôm not saying we‚Äôre better or anything. Was just surprised at how this photo shocked me."
CrappyDesign,ew4jobh,t3_cmt6cp,1565112059.0,"That‚Äôs just so crazy to see. Coming from Canada, we‚Äôd never see that. It‚Äôs just so... scary and inappropriate looking tbh. But I guess Americans are used to that? Not trying to sound rude, was just genuinely shocked when I saw this photo."
Minecraft,ew4jiud,t3_cmskzo,1565111968.0,"Does it have an interior or is it all just a shell? I really hate mega builds that are just a shell, kinda like a pretty packaged lie lol"
Minecraft,ew4j818,t3_cmsizk,1565111784.0,I love this! Reminds me of Voxel art which I use a lot to inspire my minecraft creations.
UpliftingNews,ew3723x,t3_cml2v5,1565066355.0,It was considered barbaric to have to resort to sending your women to war up until very recently in human history.
pokemon,ew2ybk1,t1_ew2hvyk,1565058965.0,Thank you! I wasn‚Äôt exactly sure what I wanted that day but when he drew that up I fell in love.
confession,ew2g4kx,t3_cmhhd3,1565045852.0,This was the longest post I‚Äôve ever read on here because it was so thrilling and well written. Thank you.
tifu,ew2ahw2,t1_ew25een,1565042000.0,"I just straight up mention it when I hear someone‚Äôs on the phone. I‚Äôll loudly say ‚Äúyo who‚Äôs trying to have a conversation in the bathroom? I‚Äôm shitting here!‚Äù And proceed to push as hard as I can. Own that moment, make them feel awkward."
AskWomen,ew2991d,t3_cmgxo5,1565041178.0,Clean something. It‚Äôs always hard to start but halfway through I feel great and suddenly love being home.
confession,ew28xds,t1_ew25cgl,1565040966.0,Nobody said that it was? Vaping can be expensive and if someone just threw out my $100 machine with the $5 coil and $25 vape juice inside I‚Äôd be pretty pissed too.  Like at least let me sell it and make some of my money back.
AskReddit,ew27lva,t3_cmg4s8,1565040096.0,That you can be anything you want to when you grow up. Realistically there is only so much demand for every job and the world wouldn‚Äôt work if everyone decided to just be a firefighter lol
news,ew1n41l,t1_ew1l3bj,1565027024.0,Yeah it seems like McDonald‚Äôs knows that people aren‚Äôt going to try to recycle the straw and instead opt to throwing it out so they‚Äôd rather produce a biodegradable straw then a recyclable one.
tifu,evzi651,t1_evzg5i0,1564958240.0,"Yeah was thinking the same thing, girl might be offended or something but you can always turn that into a compliment lol"
DragonQuestBuilders2,evx51mn,t3_cl0a8m,1564882090.0,That was my assumption as well until I placed it for aesthetic then accidentally opened it when I walked by. It was a pleasant surprise haha
DragonQuestBuilders2,evx2qxs,t3_cl0a8m,1564880235.0,You can craft most of those types of things on the tree stump. Not sure about vines but a lot of small rocks and bushes etc
DragonQuestBuilders2,evx2ee7,t3_cllapy,1564879953.0,I want to make that part of my island a tourist attraction with some cool shops and dance clubs in the pyramid.
DragonQuestBuilders2,evx251l,t3_clodao,1564879746.0,[Japanese DQB2 site](http://gamesp.net/dq-builders2/)  it‚Äôs all in Japanese but it translates decent on Chrome and it‚Äôs the most well organized site I could find. It‚Äôs pretty hard to find info on this game and it‚Äôs so frustrating!
AskReddit,evwvg2t,t3_clojgs,1564874474.0,The man who sold the world - Nirvana
Minecraft,evu3bjd,t3_cl9mwt,1564784615.0,This is so badass. Map art. I love it.
Minecraft,evcvouy,t3_cj9vw5,1564424303.0,"It‚Äôs cool, but it moves too fast for my liking. I usually just use red stone repeaters ect to make it move slower/more realistically. I‚Äôll still mess around with it though (: thanks for the idea!"
podcasts,evbkx3z,t3_cj51hi,1564381608.0,"Comedy Bang Bang. (Good for mornings/getting ready for work)
Cold Ones Anything4Views (Good for evenings/nights, kinda vulgar lol)

Neither disappoint me."
BPD,evbkcd8,t1_evbizjq,1564380900.0,"That‚Äôs what I struggle with, not knowing if I‚Äôm going to be toxic to someone and choosing to avoid relationships instead. But then I wonder if that‚Äôs just my BPD acting up and making me feel like I‚Äôll be abandoned and so instead I just take control of the relationship and shut it down before it shuts me down. I really respect your ability to ignore them afterwards, I fear I‚Äôd feel the need for  validation back from them so badly that I‚Äôd give in, get comfortable, and screw up again or freak out that the interaction didn‚Äôt go as well as I expected."
UpliftingNews,evbjz4l,t1_evbj96y,1564380450.0,"my thoughts exactly. If everyone is equal and the same, why do we even acknowledge what race/gender/sexual orientation they are anymore? That‚Äôs something I‚Äôve always wondered. You‚Äôll see announcements of ‚Äúthis show adds a gay couple to the cast!‚Äù But you wouldn‚Äôt see the same treatment for a straight couple. Why? Because it‚Äôs not as common is how people treat it. We acknowledge in the form of celebration the differences we try so hard to deny exist. Discrimination can take shape in the form of punishment or celebration. To celebrate one is to punish the other in a sense. I cannot deny the differential treatment and then try to see it as true, honest equality. Now I‚Äôm not leaning one way or the other, but in terms of fairness it shouldn‚Äôt even be mentioned if it‚Äôs equal."
askwomenadvice,ev3m8dx,t1_ev2z67a,1564197468.0,You don‚Äôt find that cutting the edges of the hair cause them to feel tougher once they grow out a bit? That‚Äôs my biggest concern.
BPD,euwac9w,t1_euvf30v,1564072884.0,"I got a job serving breakfast and had never made as much money as I do now. Not having to struggle paycheck to paycheck by making some tips helps. I actually leave work feeling happier and look forward to going cause I do nothing else all week. I‚Äôm still a mess in my head, but I guess I just can‚Äôt afford to fall apart this time. This job is the only thing I have and as long as I don‚Äôt sacrifice it it‚Äôs kept me afloat. There was a few points when I started where I swore I couldn‚Äôt do it and my friend convinced me to keep it cause he could tell where it was coming from and I‚Äôm so glad I did. 

Nothing else in my life is really normal, and some days I feel like a fake to all my customers, but (most days) it works for me."
AskReddit,eusgpy2,t3_chf8ff,1564008157.0,The price is right theme. Takes me home every time.
BPD,euradoa,t1_euqqpva,1563991580.0,"I was on student welfare with my boyfriend and worked a bunch of different jobs every 6 months cause I could never keep one or figure out why (wasn‚Äôt diagnosed until I was 25). Basically just kept moving (had a lot of poor landlord and mental health/financial issues) and working until I finally found some stability 2 years ago. 

Happy cake day btw (:"
BPD,euqoxgt,t3_ch6yq5,1563982763.0,"I agree with both. Although I went looking for a subreddit to read others experiences and feel less alone, occasionally the posts do trigger me I guess and remind me of things in moments when I‚Äôm not focused on them which does pull me back down into those thoughts. But I also have to remember to be strong and acknowledge triggers so I haven‚Äôt decided if the good outweighs the bad yet."
BPD,euqnt53,t3_ch8umt,1563982151.0,When I was 17 I got my first apartment (and successfully escaped my parents house). I was way more mature then all my friends at the time. Since then it feels like I‚Äôve been playing house while they were able to focus on school and life and now they are much further then me while all I‚Äôve done is work and pay rent. I definitely feel like I haven‚Äôt progressed past 21 (now 26).
confession,eupaapz,t1_eup2uqp,1563953923.0,Depends where from in Canada. Not far from Toronto and average prices are $80-$100 here so that sounds pretty decent.
BPD,eup928a,t3_ch1tw1,1563953384.0,"Well, it‚Äôs really discouraging to know that roughly %80 of people with BPD will attempt suicide at some point in their life, and %10 of us actually die from it. Those are pretty disappointing numbers that I‚Äôve taken from Wikipedia (not sure how credible it is just one of the first things I read and remember all the time)"
trashy,eu6dw39,t1_eu6c0et,1563498055.0,"Totally hate when people do this, but if I could be devils advocate for a minute, we don‚Äôt have garbage cans around grocery stores where I‚Äôm from so this does happen a lot. The worst is frozen food or rotting meat, such a waste. I used to work in one too so I saw A LOT of strange things behind the shelves. 

I always just ask the cashier if they can throw it out and apologize. Most of them appreciate that I didn‚Äôt leave garbage laying around."
AskReddit,eu6dm8x,t3_cf0lnq,1563497881.0,One time I herded some skeleton horses into my barn.
Minecraft,eu6dfdy,t1_eu6bwp8,1563497757.0,"Haha I thought the same thing. Not to be rude, was just sorta one of those ‚Äúhuh, that‚Äôs..something I guess‚Äù moments. 

Still nice to see new ideas no matter how impractical."
AskReddit,eu6d7bo,t3_cf0lxd,1563497608.0,Buying new socks. There‚Äôs something fancy about brand new socks the first time they slide on your feet.
AskReddit,eu6c37e,t3_cf0n04,1563496869.0,"Not too fucked up, but I used to live in a big building and our neighbour was a sketchy looking change begging neck scratching weirdo who couldn‚Äôt take a hint that no one wanted anything to do with her, so we all avoided her. Then one time I noticed her security cam screenshot on the wall of my grocery store break room while working that read (THEFT, VARIOUS MEATS UNDER $1000) so we all called her the meat thief and she finally left us alone."
AskReddit,eu6bk30,t3_cf0n39,1563496524.0,"In 2nd grade I had a teacher named Mrs Barfoot (we used to call her Mrs barf-on-your-foot cause she was old and homely) and when writing on the board she would hold her chalk between her index and thumb, put her ring and pinky together and point her middle finger up to the class the whole time. I swear it was intentional."
DetailCraft,eu38oj6,t1_eu2zcm5,1563408201.0,Also doesn‚Äôt need any mods or commands. (:
offmychest,etp9hem,t1_etoujln,1563049366.0,"Those are awesome responses. That‚Äôll make her think twice about how complaining makes her look, AND you seem like a considerate coworker hahahaha"
offmychest,etp8wim,t3_ccpyb1,1563048912.0,"It‚Äôs never been easier to be a mother then it is right now. So much plentiful food and healthcare, television babysitters, social services (where I live if you don‚Äôt make enough money we just give you a ‚Äòchild tax credit‚Äô worth around $200-$400/month per child) so you don‚Äôt even need to afford to have children if you want. You can just drop out of school and be a mom and you never even need to get a job again. I know a lot of people who just live off welfare and child tax, every 20th of the month they‚Äôre getting their hair and nails done,  it‚Äôs a pretty broken system.  So I can‚Äôt imagine it being too difficult considering we try to make it as easy as possible for you. Don‚Äôt get me wrong, there‚Äôs plenty of struggling parents. They‚Äôre just not the majority where I‚Äôm from/what I‚Äôve seen here."
AskWomen,etp8ius,t3_ccrxyp,1563048618.0,"SILK PILLOWCASE. Reduces frizz, prevents wrinkles (less friction rubbing against your face), and also is much cooler to touch then regular sheets. Feels so good at the end of the day."
AskWomen,etp841n,t3_ccrxyp,1563048292.0,"Using a Wet brush, all the time. It‚Äôs soooo much easier on your hair/ends. I have really thick long hair and I‚Äôve been using one for about 2 years now, made so much difference on the health of my hair. I recently misplaced it and have been using a regular brush this past week and I forgot about how harsh those things are. Literal RIP to my ends."
AskReddit,etp70j0,t3_ccocay,1563047440.0,"I think for as long as women use/dress their breasts sexually it will always be seen as sexual. I‚Äôm a woman and I completely believe breasts are natural and for feeding babies, but I also throw a push up bra and a v-neck from time to time and feel sexy about it, so I can see how they‚Äôre still considered sexual as well. I mean, I definitely feel more creeped out if a guy is staring at my breasts then if it‚Äôs just my arm, so I guess that should say enough. It‚Äôs not just men sexualizing breasts, it‚Äôs (mostly) everyone."
NeckbeardNests,etffwnq,t3_cbfqpx,1562768743.0,Idk why I‚Äôm so bothered by the fact that he has 2 bottles of Powerade in his lap..
AskMen,etfdpsg,t1_etfbv3t,1562767245.0,"I think some women might be interested in super fit guys like that because super fit guys like that are usually only into fit girls and getting their approval would validate the fact that they‚Äôre fit/attractive/not fat. Woman here, just a theory.  ¬Ø\_(„ÉÑ)_/¬Ø"
NeckbeardNests,eteoiva,t1_etegptl,1562740033.0,Don‚Äôt forget the Powerade bottle full of what I presume is piss lol
tifu,esp0q33,t3_c8rbcl,1562177170.0,"She wasn‚Äôt mature enough to handle to situation, it‚Äôs not completely your fault."
offmychest,esnlbbq,t3_c8kukf,1562137206.0,"If there‚Äôs a few things I can say it‚Äôd be this:
Your parents will become less important in your life. Completely unimportant if you want. They‚Äôre almost your entire world when you‚Äôre under 20 but can quickly become complete strangers after. 

It can be truly impossible to comprehend your life now and in the future when you‚Äôre young. Sounds clich√©, but there are so many things I‚Äôm interested in now that I had no mental space or concern for when I was younger like history, politics etc and it genuinely makes me sad that I couldn‚Äôt care about them then. 

When I was 15 I could heavily relate to this post. Some days it amazes me that it‚Äôs been 10 years since I was because I think I still feel the exact same way I used to but then I realize all the incremental things that have happened that changed me. Things don‚Äôt always get better, but they change. And change is a start.  

When you‚Äôre ready to throw your life away, do it. But do it well. Dedicate yourself to something. Stop caring about the opinions of others. Start a new life, one day at a time. 

Hey I‚Äôm only 26 now go easy on me I‚Äôm still learning. I‚Äôm sure there‚Äôs a lot of advice someone who‚Äôs 36 could give me and someone who‚Äôs 46 could give them."
confession,esn05vz,t3_c8i84r,1562119391.0,"I‚Äôd be kind of happy. Idk, there‚Äôs something unappealing about someone who‚Äôs been around too much, especially when they‚Äôre young. It‚Äôs my personal opinion, but I‚Äôd feel more confident knowing that. Could be worse, could have a bunch of kids with a bunch of different women by now."
AskReddit,esmvilm,t3_c8hjca,1562115869.0,Onions.
AskReddit,esmvet1,t3_c8hjtd,1562115788.0,I can squeeze the air in the upper part of my cheeks/gums to make a quacking noise.
AskReddit,esmv42m,t3_c8hkd2,1562115563.0,A piece of gum that‚Äôs lost half its flavour.
trashy,esjh3hd,t3_c83ctf,1562033004.0,"On a hot day, I‚Äôd take that over nothing."
