SkincareAddiction,fqzc21r,t1_fqyw29y,1589764225.0,"You are wonderful, thank you so much!"
SkincareAddiction,fqyam0j,t1_fqxnzh2,1589745501.0,Thank you so much! Can you give me some brand names for a really good sunscreen?
SkincareAddiction,fqvongj,t1_fqv9gzl,1589681744.0,"I use crunchi face bar and Paula's salicylic wash from time to time. I use averr aglow face cream and a barrier cream, cant recall the name."
SkincareAddiction,fqtful3,t3_gko9ec,1589638158.0,"I've been on spironolactone 50mg for about a year for chronic oily skin, acne, blackheads, and closed comedones. My skin looks dull and dehydrated now. The oilyness seemed to plump my skin somewhat so now my pores/scars look even worse but grateful to not have acne. On top of that every derm or plastic surgeon has recommended tretinoin. I've been using for 3 months but taking it slow. My question is should I be using tretinoin if I have dehydrated skin? Will this help my skin repair in the long run or cause more issues? Also, I've really struggled to find a sunscreen that doesnt clog and irritate."
breastcancer,fqr44xg,t3_gk8ljk,1589577241.0,"So, my mom was diagnosed with breast cancer a year ago. She refused all chemo and radiation but had a double mastectomy. They did find cancer cells in her lymph node but they also removed it. She went on a holistic treatment plan and has no idea if all her cancer is gone but a year later she has no issues as of now. I'm sorry for your wife's diagnosis, I cant imagine having to wrestle with that diagnosis and hav young children. Consider the over abundance of information, the persuasion of alternative medicine and the long list of painful side effects from chemo. I dont blame your reaction but please be gentle and supportive and sit with her as she researches and hold her hand and develop trust so you can begin to persuade her to get 2nd and 3rd opinions."
QAnonCasualties,fqjz2zq,t1_fqh88jj,1589417358.0,"Yes! My mom and I cant have a conversation without her getting all worked up about Bill Gates and 5g and trump the almighty all in the most arrogant and condescending way. ""Q"" is a piece of shit that stole my parents sanity."
Bookkeeping,fqc410d,t3_ghrcj6,1589249663.0,Intuit offers a lot of courses on using their program.
SkincareAddiction,fpycozj,t1_fpybcdb,1589001403.0,"I'm sure it will, I'm excited for you!  I might add that my skin is on the dry side now, I prefer that to oily but still trying to get that right. Also, the pharmacist has given me multiple generic brands and I found that I respond better to the white pill over the tan colored pill. Wish I knew the difference but keep track of how your skin responds to different brands and take note of the little number on the pill so you can be specific when you refill."
AcneScars,fpybrhm,t3_f0qkb8,1589000734.0,Your skin looks pretty darn good. Very well balanced.
SkincareAddiction,fpyat2b,t1_fpy8tei,1589000013.0,I'm not on birth control. My skin was very oily and bumpy. I'd say I notice a reduction in oil right away and reduced breakouts within a month or so. I still get breakouts but they are way fewer and farther between.
SkincareAddiction,fpyamv2,t1_fpy9tix,1588999882.0,"I doubt it, I wasnt savvy enough to pay attention to those details just product and price."
SkincareAddiction,fpy79sf,t3_gg6k0o,1588997563.0,"I've been on 50mg of spiro for a year. Wish I had started it earlier and saved my skin some scars. The only side effect I've had is when I play with my dosage I start spotting also my period has been late but 95% of the time no issues. It's truly an amazing product. Start on a lower dose and work your way up. Also, no purging for me."
SkincareAddiction,fpy69ud,t3_gg4foe,1588996923.0,"I ordered some sunscreen from yesstyle over a month ago and nothing has showed yet but..covid. also, I have ordered counterfeits on amazon, I've learned if the price is really good it's probably a fake."
QAnonCasualties,fprgiko,t3_gdqqsh,1588853523.0,I am so sorry. We all can see the insanity but it's a whole different scary when that person is the parent of a small child and has some element of control and influence over them. Document everything you can. Print and save his online rants. My hope is that this goes away when trump goes away but these followers are so brainwashed it's hard to say what's next. Stay safe and hopefully you have family that will support and help you.
breastcancer,fpqmy3k,t1_fpqlcj5,1588826656.0,Like if you can move your skin over it and it is smooth. Hard to explain.. tumors will feel attached or fixed to the underside of your skin. Or so Ive heard. Does that make sense?
breastcancer,fpqk8gp,t3_gexd2n,1588824755.0,"I also have this. I suppose it could be many things but mine is just a lymph node. I had it checked. Mine is probably the size of a kidney/Lima bean. Been that way for over 10 years and developed when I was 27. I dont think its normal but after 10 years it doesnt worry me. My mom has had the same thing and had hers biopsied, nothing. Also, if your skin doesnt seem fixed to it that's a good sign."
Christianity,fpjujbe,t3_gdw0cs,1588681367.0,"Good for you, finding peace with God is a beautiful thing. Stay strong as temptations might get stronger, recognize them as traps and run the other way! God will comfort you and bless you when you put your faith in Him. Welcome to the family!"
Kalispell,fo59otf,t3_g5pc5t,1587520565.0,"You could throw it out on some of the Facebook sites. 'New and used in the flathead valley"" seems to a popular one."
Pizza,fny952h,t3_g4kvsh,1587356513.0,"Homemade 24 hour cold rise dough. Baked in oven on pizza stone at 500. Pesto, mozzarella, artichoke hearts, feta, and parmesan. Still working on stretching the dough. My pies always end up odd shaped but still very tasty."
BostonTerrier,flrc15w,t1_flra0c9,1585417167.0,Lucky dog! We better try something similar. We watch tv with our dogs on the couch and our shirts over our noses.
BostonTerrier,flr7m7i,t1_flqzm8y,1585414628.0,What do you use in her food?
BostonTerrier,flquuem,t1_flqt6nb,1585406742.0,"Really, you're better off. Their farts can make for a difficult night of sleep. Haha!"
BostonTerrier,flqszc0,t1_flq802j,1585405430.0,Too funny! Our girl is so the same. Whiny and attention needy. Our boy is super chill.
BostonTerrier,flpvul5,t1_flpvotg,1585370312.0,Yes! Our Boston's have melted many hearts of stone..still working on the one..
BostonTerrier,flpuj8f,t1_flptk8g,1585369214.0,Ha! The other human that I share my bed with is pretty adamant that pets are not allowed. But look at that face!
BostonTerrier,fl2czjf,t3_flw9e9,1584748188.0,"He sure looks like a special boy, lol!!"
BachelorNation,fkme3ik,t3_fjasw4,1584326792.0,Haha! Yes! I like your style!
BachelorNation,fkmd4b2,t1_fkmcng5,1584326137.0,"Also, make sure to note that when the person thinks life is over chris shows up says something scripted and then doesnt say anything else and just stares at them. Blink. Blink. Ok, I'm done.."
BachelorNation,fkmcr83,t1_fkmcng5,1584325896.0,Heck yes I will! Cant wait!
BachelorNation,fkmcg0g,t1_fkmbymz,1584325688.0,"Exactly! Haha! I'm an old fan and I dont remember being so shocked as when I watched that woman.  Also, can you make a video on chris Harrison being the worlds most unnecessary show host. I would love to see that! He always looks like they just woke him from a nap to point out the final rose."
BachelorNation,fkmb8g2,t3_fjasw4,1584324898.0,"Funny video! I think Peter wasnt cut out for the challenge of dating 20 drama queens but who is?! The show is extremely unrealistic and although we watch and root for our favorite the producers promote drama which inevitably works against the ""process"" but makes for great tv. So let's cut peter a break because after seeing his mother in action you have to admit he's overcome a traumatic childhood."
socialskills,fkdcgfr,t1_fkb52yn,1584074174.0,"You can not possibly be a ""freak"". Shy, quiet, anxious people are not freaks. You have a high intellect and are sensitive to how people are treated and how people treat you. People who are arrogant or narcissistic like your professor think everyone should behave just like them.  It truly shows how immature your professor is. I am so mad reading what happened to you. Words breathe life or death and his breath stinks!"
SkincareAddiction,fjvbnbl,t1_fjuwkgs,1583625360.0,"The doctor I put the most stake in has been a facial plastic surgeon for 30 years. He has tried it all and has been disappointed with the results from lasers where scarring is concerned. He also said it essentially scars your face and can make it look waxy and fake. If you do a non ablative laser than you are throwing money away. Results are minimal at best. Over the counter retinols are not very effective either. Gentle quality skincare is worth more than lasers.  All in all your skin is good, it looks soft and healthy besides some mild scarring but I know how you feel we are our own worst critics."
SkincareAddiction,fjseic3,t1_fjsbae0,1583596238.0,"My skin is similar to yours only much worse. I did six rounds of microneedling with a reputable plastic surgeon in my area and we took high resolution before and after and there was 0 improvement. In fact, I think it was more damaging than helpful, making my barrier seem more damaged. I am discouraged and my quest continues.. I have seen over 3 plastic surgeons and more dermatologists than I can count ALL have told me to use tretinoin.  I'm giving it a try and will start slow. Lasers were discouraged. Hope this help."
SkincareAddiction,fjsctrj,t3_fev1me,1583595815.0,Spider bite?
Anxiety,fj2w5l9,t3_faz1uo,1582956124.0,"Perfectionism, I have it too, the fear of making a mistake. I spend my whole day trying to be perfect and only focusing on what I screwed up and then trying to avoid what I suck at. Some days are better than others. The more I can laugh things off, poke fun at myself, the more room I feel I have to make mistakes but that comes with age and practice. I try to ""get it over with"" whatever that may be so I dont have to spend so much time psyching myself out."
tolstoy,f219atf,t3_db6eo1,1569869475.0,"I just finished the book. I dont feel surprised by the violence or poverty that you mention and assume it was relatively commonplace.  So commonplace that people dont bat an eye at it just as he is not expounding on it. The world is full of these circumstances still.  I find it interesting that you picked up on those bits as I did gloss over. Also, he doesnt shy away from the plight of women during his time and their lack of rights and the hypocrisy in it. He follows through beautifully and has many lessons in justice and forgiveness. Hope you enjoy the rest of the book!"
socialskills,f2174fy,t1_f1zw8f0,1569868735.0,"My husband has social anxiety only he compensates by talking too much and missing the give and take in conversation. Its awkward for us both because I notice he also exaggerates or embellishes his stories to fit in or connect, which I feel must be obvious to the listener. What I have found with him is a lack of effort to try new experiences or work through things he is not good at to build confidence. Might you be in the same place? Do you try new things or take any risks? Building confidence takes effort and risk but with each new accomplishment you have grown for the better.  You are correct that it is a self esteem issue so work on that and the rest will follow."
QuickBooks,f0nvq6n,t3_d5fw5d,1568782566.0,"Yes, i have been having a lot of trouble with the new workforce. Go to the workforce website and start a chat. They wouldnt talk to me over the phone."
Kalispell,f0nvdwt,t3_d5jedo,1568782195.0,"Go shopping at sportsmans ski haus for some winter gear because its going to be cold!! Also, go to whitefish."
Christianity,f0nv0px,t1_f0mqnvr,1568781800.0,Sadly this happens in the u.s. too. Sometimes pastors fall into the temptation of seeking riches. This is very disheartening and discouraged people from the faith. I've learned long ago that my faith is my own and pastors are going to fail and other Christian's will fail us but Jesus never will. Good bless!
Christianity,exg5tjc,t3_cslr4g,1566256141.0,"It's a beautiful painting. Everyone is very opinionated about what he looks like but we can only assume and I think that's to the artist to depict.  The eyes are piercing and he is looking right at the viewer as into the soul, very captivating. I love the rusty/brown/darkness too which is a great contrast to his eyes.  You are very talented."
Christianity,exczxov,t3_crwugc,1566163787.0,"Starting school, being busy, meeting new people,..all of these will distract from your longing. It's natural that you feel the way you are feeling but even this feeling will decrease with time. You could very possibly meet someone else that you like more. I think remaining friends takes the pressure off of maintaining a long distance relationship but you will need to be clear of your feelings towards her and let her know she means more to you than a friendship but that doesnt always have to be an ultimatum.  Praying to God in all things being grateful for your friendship, ask him to reveal intentions and protect your heart."
BostonTerrier,ewky7mn,t3_coorae,1565498454.0,Love the name!
Kalispell,ewky28i,t3_coscfp,1565498305.0,Looks like it's all south of town and east off of 35. I am north and have power. Hang tight!
socialskills,evs122s,t1_evqy9b5,1564725451.0,Haha! I have kids and get along great with parents/teachers/neighbors/coworkers but aquantences on the other hand..snub city.
socialskills,evs0v1x,t1_evq6u6y,1564725227.0,"Actually, I feel thrown off sometimes by seeing people outside of the norm so maybe I make people feel uncomfortable.  I'm not looking for more than a nod or smile.  I live in a small town so these run ins happen just about everytime I go to the store. That's probably why I feel slighted, like, I see these people on a weekly basis and it seems they would rather ignore me than acknowledge me."
socialskills,evs0lzd,t1_evq39n2,1564724945.0,"Thank you, sometimes I need to get outside my head and think rationally. This helped."
relationship_advice,etlshgg,t1_etlpvd6,1562944299.0,"Mmm..yes, I see what you're saying. A cheap move on my part."
relationship_advice,etls443,t1_etlqqp4,1562944058.0,I did and we totally do! Been asking for counseling for years!
relationship_advice,etlpbzl,t1_etlkb1r,1562942269.0,"This is healthy advice, thank you! I do need to practice my approach."
relationship_advice,etlp5tk,t1_etll7kl,1562942154.0,Yes! This is an issue for sure. Trying to figure out what he really wants and what he is really trying to say is a major hurdle in our marriage.
relationship_advice,etlow6h,t1_etlocs6,1562941975.0,"Thanks, I dont think he's an asshole either.  But he's kind of being a butthead!"
relationship_advice,etllvex,t1_etlkijx,1562939887.0,"Ok, defensiveness aside I get what you're saying. We have had to compromise on a lot of things over the years and this didnt seem different. He did agree to it and I wasnt the one begging and pleading.  He doesnt want to re-home the cat, this has been discussed. I've also seen him cuddle and napping with it so I dont think he hates it as much as he loves to complain about it.  I didnt really want a cat either but I see a value in the companionship of animals for our girls and also the responsibility. They have both been very helpful. I happened to like the cat, which surprised the both of us and now it's a point of contention."
relationship_advice,etlkdxv,t1_etljvvv,1562938809.0,"Yikes, hope you're not married. You're making him sound like a peach."
progresspics,eses3nr,t3_c76bg8,1561908062.0,"190 looks good on you, I think you made it! Congratulations on your perseverance!"
socialskills,eseq4j2,t1_esek9i0,1561906553.0,I agree with this completely. It could be my age and life circumstances but I cant respond to texts until the end of the day. I met a younger friend who creeped me out because she texted me repeatedly until I responded. I actually had to end our friendship. Intentions might have been innocent but I percieved it as a intrusive.
cats,eru6tre,t1_ertq8er,1561265203.0,"Ah yes, thank you! Cheers! I have just not been around cats much, it's different when their your own, she is bonding with me and it's so sweet. ðŸ˜Š"
cats,eru6qdw,t1_eru0q9p,1561265101.0,"I had never heard the term tortie, obviously new to the cat world. Thank you, I kept calling her calico. She is the best!"
socialskills,ep939ro,t3_bu6nad,1559103716.0,"You are not ugly! Also, your smile makes you look like a great guy. I think happiness and zeal for life are attractive. I second the idea of finding someone to date online. Be open and dont hide anything. Woman appreciate that."
socialskills,eo9m495,t3_bqzj7p,1558394692.0,"The only way to gain confidence will be to challenge yourself and have successes. So you have online friends to help you practice. Tell them you are working on your social skills and that you struggle, be honest and open. Have them hold you accountable.  Once a day/week you need to facetime someone. Think of some questions to ask them, really try to get to know them and care about what they are saying."
