SexWorkers,fpllsgz,t3_ge3hfy,1588715022.0,Do you know if you can use chime in Canada? Ive been trying to get an international wire transfer from OF and my bank wont accept. Ive also tried the other options and they are not going through so thinkijg maybe the chime account might work?
sex,fplk3hh,t3_gdyq5x,1588714134.0,Ive only had them with my current bf who happens to be uncut. Ive had up to 2 - 3 in one sesh but mostly just two. Ill cum in the middle of the sesh and then in sync with him. I haven't had that with anyone else.
SuicideWatch,fplitbp,t3_ge4tw1,1588713476.0,A part of me feels this so hard. Noticed this when i was younger too. I don't think humans deserve mother nature and what she has to offer.
twinflames,foxd0q4,t1_fo7u4nf,1588140331.0,Is that how you know your twins? I swear we can be back to back but both be turned on just by touch. Or when spooning I can feel him start to grow as the exact same time as I get turned on. I've never felt that be in sync like that before.
IAmA,foxb4ws,t1_fofsxt5,1588138793.0,"This is horrible. As a dairy farmer myself and growing up on a farm i can assure you that in Canada it is mandatory, even for pro action, and you need a prescription from the vet now that you MUST sedate, give pain killers and cream in this procedure. You must wait until the sedative is in full affect to clip and burn the horn. I really hate doing this because we give so much to our calves so they are comfortable around us but lose trust for a good reason afterwards. On our farm our cows all have names and are like pets.

 It is also recommended to do it at a younger age so the horn hole is not as deep into the skull. Ive also seen full grown cows rip off their horns if they get missed or some like to attack other cows so dehorning does have a purpose.

Unfortunately i know cruelty does exist in the industry and its disgusting. On the behalf of an animal lover, thank you."
SexWorkers,foxa8df,t3_g9nzrk,1588138080.0,Not that fucked. I made a work account on twitter then ended up making an of. Some of my clients book me after joining my OF. And i usually try to hand it out to clients. I was doing sex work way before OF.
SexWorkers,fopsm0j,t3_g69vuj,1587970789.0,"I think its just certain cities in Alberta that require it, and to track you incase you got murdered. I think the murder rate out there of sex workers is much higher than say BC. I could be wrong but thats just my thoughts. Been a sw in bc for 5 years now."
SuicideWatch,fomu8az,t3_g80e6c,1587903990.0,"Wow, i didnt think anyone could top my mother but damn. I suffer from PTSD nightmares and have since i was in my teens. Coming up on 10 years now. Ive tried everything. I fostered a dog for a lil bit and sleeping with her made them go away. I also played around with crystals under my pillow and that helped for a whole month.
It really is hard to deal with. My dreams are the same everytime. Wake up feeling terrified and exhausted. Your mom sounds like a POS. do not reconnect."
abortion,fomtxzv,t3_g7vkcd,1587903720.0,Wow guys have no idea what we women go through. Hope you feeling better
SexWorkers,foixrvy,t3_g1kvi2,1587800669.0,They are so fucking awkward i don't see them anymore
SexWorkers,fohzfdm,t3_g6s0h6,1587775633.0,"Atleast 1000, and that's on the low end"
Acid,fo8fjws,t1_fo3jqdy,1587595590.0,"I agree, it's so ironic because he's the complete opposite the day after acid and extra lovey dovey.
I don't think I'll try it again for a very long time but was cool to get that off the bucket list and I feel like drugs make isolation a lil bit easier lol"
sex,fmv084u,t3_fxhoho,1586402906.0,"Same here, or we are spooning and his arm is right there. Best feeling ever!"
sex,fmkm3j8,t3_fvo4by,1586159761.0,5 times a day on a good day. On a busy week maybe twice a week
demons,fmiqge4,t3_fvbi8f,1586114832.0,I thought they are the same and shift into both genders
demons,fmifbq2,t3_fvbi8f,1586108440.0,Google Succubus
abortion,fmif1w0,t3_fvh1pg,1586108285.0,Estrumate/factrel is an in sync breeding drugs for cows. If it gets on your skin it can cause abortions/induce heavy periods. Every veterinary should carry this. I no longer give shots of these cause even if you don't have a cut on your hand it can still fuck you up. I'd say a bottle in Canada goes for 60$
Endo,fm2l51q,t1_flzz3zl,1585699717.0,"Yup me too. If I don't change my underwear 3 times a day, drink enough water, go to the bathroom enough or even drink alcohol / juice ill get the feeling of a uti coming on. I can usually make them go away with drinking lots of water.

Whenever I feel one coming on and I'll have sex with my bf, he finishes in me it literally makes it go away. I dunno if it helps the pH balance? I used to have really really bad hip pain when my left leg would go numb all into my sacrum but when I started having regular sex it went away."
AskReddit,flwj7il,t3_fraceg,1585552655.0,"Multiple times. Both in car accidents.

The first one I looked to the person next to me and said we are going to crash. Few seconds later we got into a 3 car pile up... Everyone was okay

Second one I looked to the driver and said that too and we flipped 7 times. I was able to carry him to a house and was fine

Another I was walking my dog and there was this abandoned farm I used to wander as a kid. I just had a sick feeling not to go any further. Something told me no. I learnt later that they found a dead body there.

I'm able to see death in my dreams though so my instincts are more heightened than others. I can also sense when cops are on the road lol 

The best way I can describe it is when you know someone is looking at you. It's a natural instinct. Animals have it too."
CPTSD,fkry0g2,t3_fk2ixj,1584478296.0,Yup
relationship_advice,fkgfts2,t3_fi6z4h,1584158436.0,"I first want to say I'm very sorry this happened to you, your experience is validated no matter what substance was involved. Coming from a sexual trauma surviver I do think you should report it. Not press charges but Atleast report it in case this is a common thing and it could or possibly has escalated in the past/future. As women I think it's important that we do report these things so when it is serious there's a history of it and charges are more likely to stick. I hope you get some rest and some loving."
sex,fjzybcy,t3_fek9n7,1583733732.0,Spermicide. Lasts for a few hours.
sextips,fjzxz9y,t3_ff0xjt,1583733367.0,"Turns me on just thinking about it cause it feels so good. I do genuinely think it brings you closer. It's alot of trust but such a great feeling. My pussy feels full afterwards. 


I'm on an iud so I don't have to worry."
relationship_advice,fjqlmiq,t1_fjmqios,1583574707.0,"Totally agree, and no I haven't kissed anyone but wanted to see what others in similar relationships might feel on it. We did speak and I do agree that if it was being hidden, or him not being aware of it then yes its cheating no matter the gender. However if we were ever out and he was okay with it then awesome."
Advice,fjji8on,t3_fdi4j1,1583397291.0,"Seven bridges road - the eagles
Cecilia - Simon and garfunkely
Copperhead road g Steve earl
Anything mamas and papa's"
Advice,fjjfjq8,t3_fdi4j1,1583393805.0,"Seven bridges road - the eagles
Cecilia - Simon and garfunkely
Copperhead road g Steve earl
Anything mamas and papa's"
Advice,fjjf5t1,t3_fdi4j1,1583393328.0,Black bird the Beatles
Advice,fjjf5by,t3_fdi4j1,1583393312.0,Black bird the Beatles
Advice,fjjf367,t3_fdi4j1,1583393240.0,Follow me uncle kracker
Advice,fjjezzd,t3_fdi4j1,1583393135.0,Follow me uncle kracker
sex,fjig8n4,t1_fjhyvf6,1583366946.0,How do you make lube? Or did I read this wrong lol
sex,fjifnbv,t3_fddq99,1583366581.0,"If it helps I'd suggest the Trojan ultra thin, being super tight myself and being a sex worker these ones are the most durable and less likely to dry her out because of the less amount of latex. Make sure you use water based lube.

I've had more than enough Durex condemns break while working and it fucking sucks.

Do NOT use coconut oil as it will deteriorate the latex.

Missionary is probably the best where her muscles are least the tightest. You can prop a pillow under her if there is a big height difference. Be careful not to damage her and lots of foreplay."
sex,fjif0tg,t3_fddq99,1583366203.0,Masterbate earlier that day and use lots of lube.
unpopularopinion,fji6suq,t3_f3f83n,1583361576.0,"Newly a fan. Uncut, unprotected opened me up to 3 or 4 different types of orgasms. I never dry out and it's really the best thing ever. I'll take uncut any day. My new bf happens to be uncut and at first I was a little nervous cause giving head is a whole different ball game with foreskin so I didn't want to disappoint. Watched some vids n I think I got it lol

Ill take uncut and this is coming from an escort"
SexWorkers,fj8grdk,t3_fc1vgp,1583113028.0,Mine is very sensitive and I hate when guys are aggressive. One guy was sucking on it..... Hurt so fucking bad I wanted to slap him. Thanks for the fucking sore pussy and not in the good way.
TwoXChromosomes,fizrzrl,t1_fiywozv,1582872355.0,"Wow, dove? That's so interesting and way cheaper than vagisal soap. I do always go pee but don't allow oral on me because I'll get a uti instantly especially if he's been drinking alcohol. I'm unable to drink, or if I'm dehydrated ill feel one coming on. I will try the yogurt out. 

We dip calves naval right away with strongest iodine when they are born especially if they are on sawdust so for some reason I thought it would be fine. 

Thank you!"
Wiccan,fiywuv6,t1_fixqxin,1582848797.0,"Yes, I was very depressed and suicidal when she reached out to me, and I didn't even know it was her at first"
Wiccan,fiywo93,t3_fadnyc,1582848672.0,"A year

I grew up with a family of barn owls across from my bedroom window.

I had consistent repeated dream that I kept rescuing this injured owl and that it was on my shoulder helping me see and make very important decisions. I felt like I would look to the owl for a sign of approval, and when I did get the owls wing fixed, he stayed. I was baffled by it in my dream.

I woke up feeling very connected to this dream..
I've had dreams in the past of ppl I know dying, and tragic events but this felt different, another power from a different realm. I did some digging and found out that Athena has an owl on her shoulder to help her see."
TwoXChromosomes,fiyvwwq,t1_fiyupem,1582848166.0,"No problems otherwise being very prone to utis. Maybe she put iodine her butt? It was leigh raven after she got gang ""raped"" in a duo (boy boy girl)  but actually felt she was taken advantage."
TwoXChromosomes,fiyprj0,t1_fiyoi09,1582844234.0,Even with the strongest iodine?
TwoXChromosomes,fiyply9,t1_fiyp5d2,1582844141.0,I heard douching may actually do the opposite effect so I wasn't sure and didn't want to risk it if I'm already super sensitive.
sex,firw9kc,t3_f9g2a7,1582672374.0,There is a spermicide you can buy and use. It last for 3 hours
lanadelrey,fim7fek,t1_fil3cgx,1582520355.0,My breakup song forsure
Empaths,fhrse6m,t3_f3kb74,1581836763.0,My ex used to say he wasn't good enough for me and cause little tiffs to create distant. I know catch myself doing this in a new relationship. I have shit self worth and do generally think my new bf is too nice/good for me. I warned him I may try to self sabotage even though I love him. I just now know when I need some time to myself to vocalize it.
relationship_advice,fhbg1hk,t1_fhajbrd,1581441549.0,I love hearing about those kind of relationships stories. That's awesome ðŸ˜Š
relationship_advice,fhbfxni,t3_f29606,1581441485.0,"Please dont marry her. Anyone who truly loves you will accept you as is. My bf was the first guy I ever been with unprotected /uncircumcised.
At first I was uneducated but it actually feels way better and I had a brand new orgasm that I didn't know existed. Uncut is actually meant for the vagina, it's not as rough and the guy has way more feeling down there.

DO NOT DO IT.

It's not like getting a boon job. You'll actually lose feeling and sensitivity and who knows could fuck you up for life."
SexWorkers,fh71xex,t1_fh711vl,1581312338.0,"He lived but was scary, might've fainted I dunno"
SexWorkers,fh70j9t,t3_f1jv5b,1581311093.0,Or a obese old man who has a stroke mid session... Fml still got paid though!!
relationship_advice,fh6zru5,t1_fh6xdir,1581310438.0,"I agree, I feel super itchy as if I was drinking and now sweating it out. I haven't had a drink in years so I hate that. I also got a mild uti from letting him eat me out for the first time while him being hungover/still drunk probably.  I just have to be more vocal about it. Thank you"
CPTSD,fh6v157,t1_fgt1t3l,1581306808.0,"Thank you, I'm just getting to the age where I've come to accept and realize I don't need a family to have a good life of my own. Or create my own family and never pass down those traumas. I did therapy but found reiki was very helpful. Sometimes you don't always have the words to explain how your feelings but the reiki master will feel those emotions, pull them out of you and release your blockages."
sex,fh5qc91,t3_e3g8k3,1581291317.0,"Diet is a big issue, being an escort and being in a relationship ppl who have terrible diets you'll be able to smell it from down there. Also sweating, what fabric is her under wear? How often is she changing them? Having Endo and being sexually active with my bf I change them 2 3 times a day, less chance of getting a uti or bi. Drinking lots of water.

And what kind of body wash is she using? Soaps can alter the ph balance and cause different odors. When I work alot I use the sensitive vag wash, that helps big time.

She could also have a bad reaction to your cum or body odors. When my bf cums in me I can smell him afterwadds even after showering. I'll sweat his scent out so mine changes.

Get her to eat lots of fruit and water, teas. You can also take cranberrie pills to help with the scent and taste."
todayilearned,fgvrp1t,t3_f0k18w,1581152190.0,Ironic cause most coke is cut with baby lax too
SuicideWatch,fgv765m,t3_f0gt3e,1581139181.0,"Big hugs, sounds like we could have alot to relate too. I was going to shoot fent not that long ago and actually met the love of my life the day before hand. I wasn't able to pass on the pain of losing a loved one. I hope your able to connect with someone, your feel that your being heard."
witchcraft,fgryth1,t3_ezst84,1581063091.0,"I dreamt I had an owl on my shoulder helping me see and make very important decisions. I would see visions of my life and trust in the owl on letting me feel what I should do. I kept dreaming about this owl, some days he would be injured and i would be nursing him back to health, others I'd be lost if he wasn't by my side. 

I learnt that goddess Athena had an owl by her side because she was blind in one eye. I felt honored she visited me."
whatsthisrock,fgryaz4,t3_f007jo,1581062447.0,"Jade, fire agate, new Jade or green aventurine. Looks like it's Mexican silver which Is beautiful. I'd def look into it"
CPTSD,fgrxnv8,t3_f014c8,1581061658.0,"My life to a T. My ""mother"" never raised any of her daughters. She was only slightly present after 5 yrs of age so none of us ever had that maternal love from an infant. She especially hates me because she hates my father so I get the brunt of it.

Ive come to accept ill never be worthy of her time/love and that's totally okay. I have a hard time expressing my emotions to my loved ones because of it and I always feel like I'm bothering someone so I never speak up for myself. I hate yelling and have a hard time  when yelled at. I used to instantly cry but have improved."
CPTSD,fgrx0zo,t3_f047s8,1581060892.0,"This is horrific, what a POs. Hugs."
sex,fgrsx22,t3_ezr08n,1581056418.0,"I lovvvvveeee, harder the better. My new partner I think started to like it more than I lol. Especially from behind or just a rough sex session."
sex,fgrsl71,t3_f05d4t,1581056091.0,I can't o without a mental connection. If our connection is so strong I could reach an orgasm without piv and him just in the same room. I find with a connection I'm able to have different types of orgasms which is amazing.
sex,fgrsb18,t3_f054fb,1581055816.0,My new bf can do this right after he cums and will stay hard and cum again.... Wtf right?
sex,fgqneu6,t1_fgq1uy8,1581027554.0,Totally agree. My new bf is and I've never had unprotected sex with one prior. Had a brand new orgasm I never even knew existed.
sex,fgqna0a,t3_ezsj7s,1581027479.0,"Yes, totally different experiences. If you have an emotional connection even better. I hardly orgasms but if we bond and especially if he's uncut lll orgasm like right away multiple different ways. Save it for someone you love."
sex,ffu3oyt,t3_ev4et1,1580233813.0,YES. McDonalds / weed diet makes u smell n taste gross in my opinion but I'm a vegetarian
sex,ffu2wji,t3_euv647,1580233332.0,Yes dick drunk is a thing. I literally can't put thoughts together or forget everything lol
sex,ffu2rqt,t1_fe7cwv8,1580233251.0,Hmmm like she treated it a week before? Or was still on meds when you two hooked up? I really have no idea but if you didn't see any abrasions then your probably fine. We all have the virus in us just ours aren't activated. I knew one girl who got it and she only has had one outbreak and she's like 45. I think it really depends on the person and how healthy they are.
SuicideWatch,ffu20z8,t1_ffmyysy,1580232792.0,"Yes I got pulled over after leaving the hospital, I was already very weak and subscribed hydromorphs but was still in really bad pain so I bought 5 fake oxys that were fent and a few Xanax bars that were most likely fake. I swallowed them all and the cop let me go, I tried to puke everything up but couldn't. A 711 worker found me slumped in my car, I was out for at least 8 hours but still functioning it sounded like. Defibrillator and everything. I didn't know I was even in the hospital but my dream was me being in an emergency room and having a birds eye view of my body. I met my best friend in the light and he said are you ready? I felt unconditional love, warmness, but we both said not yet so I returned unfortunately."
SuicideWatch,fflouan,t3_eu4r2v,1580042250.0,I died before and was aware I was leaving my body. A higher power said not yet so I returned to my body unfortunately. It is very peaceful.
tattoos,fflo8s4,t3_eu089r,1580042025.0,Looks like an awesome meaning!
SexWorkers,fe16cnk,t1_fe130s3,1578823041.0,"I stopped seeing 90% of east Indians in my area so personally It might appear as if it has fallen but in reality the clients that I see are easier to deal with, more respectable, and willing to pay my rate and most likely to come back. I'll take those clients over one time in and out. I don't work late nights either so my working hours are 8am to 7pm. I'd say it's risen slightly. Especially with younger men having porn addictions, working professionals and married men."
sex,fe14n0c,t3_emzy4j,1578822470.0,"I want to slap the guy who laughed at you for putting air in your vagina. What a POS. This new guy sounds very supportive. You could be very tight and little so any pressure or movement could naturally put air in there. Hopefully your a lil more comfortable going forward. I get air when he's inside me and putting pressure on my skin around my hips, pulling that skins actually pulls my vagina out somehow and air goes in. Hate it but it's natural"
sex,fe13lzv,t3_en68ft,1578822171.0,He has to be very strong and she very light. Done once but I was like 100lbs not even  and it didn't last long
sex,fe132ts,t3_enbio7,1578821920.0,"Use hair conditioner, it will soften the hairs"
sex,fe127nn,t3_eneexa,1578821694.0,It's probably the shape of your dick or to keep it from missing their vagina and hurting them.
sex,fe11lsx,t3_en8lnp,1578821424.0,"Choke him out, scratch, bite, control the speed, squeeze really tight, hold his hands above his head"
sex,fe10x2o,t3_enf12v,1578821308.0,"Being too pushy, neck grabbing with a bad intent, pushing harder if you say it's hurting. Any incest or rape remarks. How they are after the sex is done is very telling to the type of person they are. Do they get off on being in control and making you feel less than?"
sex,fe100tm,t3_en90gj,1578820868.0,"Yup, I start by putting my butt out in my sleep and will wake up mid sex lol vice versa. I've always been like that no idea why"
sex,fe0zaju,t3_engjvv,1578820690.0,500 lol no idea
sex,fe0z3nt,t3_en86es,1578820601.0,Does he grab your hips alot? I find when they are putting pressure on that skin it pulls my vag n puts air in it. Hate it
AskReddit,fe0yha3,t3_endd07,1578820309.0,"Asking for consent is the hottest thing ever. Is it okay if i do this? Checking in with your partner, and rythm. Missionary is best that way you set the speed."
sex,fe0w785,t1_fe0uebe,1578819418.0,Yes but navigating from client to friend that wants sex but maybe doesn't want to pay for it is tricky...I told him I was open to hangout but don't think I'll offer free sex if that's what he's only interested in. He paid well so I don't see that being an issue.
SexWorkers,fe0v8ba,t3_elg8ee,1578819112.0,"Me either, Its something I hold sacrad, even long term bf have to earn it. Plus your way more likely to catch something that way"
SexWorkers,fe0uqhx,t3_enj0i6,1578818889.0,"The weather and holidays do affect it. I find if your advertising changes during these times it may help, however thank God for regulars during those times. Summertime is very busy."
sex,fe0tvyy,t1_fe0m7d7,1578818625.0,Chemistry or some type of connection believe it or not. That's all I can think of
sex,fe0t7rv,t3_eneb0r,1578818361.0,"I'm an escort and I'm telling you right now that smell is a red flag. You'll get a uti, or yeast infection so fast. That smell is usually a sign of something worse. I remember I saw this heavier guy and he had that smell and turned the lights off. Had a fucking yeast infection the next day."
sex,fe0suar,t3_enb73m,1578818217.0,"Connection, different types of sex vibes. Taking control, but most importantly chemistry."
sex,fe0s5zq,t3_eng40x,1578818037.0,Condem and no outbreak you'll be fine
sex,fe0rzq8,t3_eng40x,1578817956.0,She's only contagious if she's having an outbreak. Def don't eat her out but I know a few girls that have it and don't have an outbreak for years. Outbreak can be caused by stress and weak immune system. This girl I knew had it on the outside and she hooked up with my buddy raw and he was fine. I've heard it feels like a pimple forming. But you never know. I read there are pills that she can take that makes it less difficult to pass on.
sex,fe0qhy7,t3_eni21g,1578817457.0,"I find with men sex can turn very animalistic... Almost primal. Be sure your energy is protected and your not feeling used, my last relationship my bf had spent time in jail, and was on steroids without my knowledge. He was very animalistic, like almost trying to fuck his trauma out of him with my body. It was a very toxic exchange of energy. It was a routine. I find men who've had rough childhoods or have been to jail, their sex is very animalistic, dominating, can be rough.

Just be sure to check in with him before."
sex,fe0ozy3,t3_eni668,1578816948.0,Coconut oil will break any condemns but dam is great for lube. Water based lubes are the best for sensitive ladies
sex,fe0oqoh,t3_en3a5p,1578816819.0,"Yup, there are 3 diff types of orgasms. I've had that happen once, and I orgasmed every type of way at once. He was inside me and then his leg was rubbing on the top of my vagina.. Can't remember how tf it happened but only time it ever happened."
sex,fe0ml4e,t3_enki7l,1578816125.0,"When shes standing doggy try it, such a turn on and im personally not a huge fan on it but doing that position is great, along with body rubbing, kissing down her back, and if you put light pressure right above the hip mark on her back That will make any girl wet. Let her feel you up against her."
HeroinHeroines,fe0lzdz,t1_fe04ecj,1578815830.0,"Fair enough, I wonder how he remains clean after telling all these stories"
sex,fe0lsm3,t3_enicn6,1578815738.0,"Wow, please be understanding and allow her to come to you on this topic. She may not even be able to have any type of penetrstion. That poor woman. What a survivor."
sex,fe0kqeu,t3_enbuyk,1578815136.0,You sound like a Demi sexual. I am
sex,fe0kjqu,t1_fdzqon3,1578815025.0,Or when you orgasm at the same time... Rare but great
sex,fe0k85q,t3_ena8ko,1578814837.0,"Yes especially when your in love, such a turn on, no idea why and even the smell your body makes the next day from it. The feeling, everything. 5 star experience lol"
opiates,fdqjxqv,t1_fdpu4ni,1578668484.0,"Very interesting, how much of the product do you need to test it? Best be safe than sorry, don't need to go out like prince lol 

I'm on the west coast funny how that pink shit is all over. I remember when it was green pills."
opiates,fdqj9nn,t1_fdpevkc,1578668032.0,I always know it's car fent when I test clean for everything cause the tests aren't made to pick up car fent. Just a lil special treat. I got a gram of that once gifted to me lol white n pure
opiates,fdp9pe4,t1_fdp8ss8,1578623276.0,Ive been doing heroin / fent for a good 9 years on and off.  4 years straight. I get tested so I know there is some fent /car fent in it but only stuff is all pink unfortunately. Thank you tho but ironically I find drinking repulsive lol fent is ok tho
movies,fdm21fq,t3_elt7yt,1578537937.0,Of course it's a jersey
